game_play_number,id,sequenceNumber,type.id,type.text,text,awayScore,homeScore,period.number,period.displayValue,clock.displayValue,scoringPlay,scoreValue,team.id,participants.0.athlete.id,participants.1.athlete.id,participants.2.athlete.id,wallclock,shootingPlay,coordinate.x,coordinate.y,game_id,season,seasonType,homeTeamId,homeTeamName,homeTeamMascot,homeTeamAbbrev,homeTeamNameAlt,awayTeamId,awayTeamName,awayTeamMascot,awayTeamAbbrev,awayTeamNameAlt,gameSpread,homeFavorite,gameSpreadAvailable,homeTeamSpread,qtr,time,clock.minutes,clock.seconds,homeTimeoutCalled,awayTimeoutCalled,half,game_half,lag_qtr,lead_qtr,lag_half,lead_half,start.quarter_seconds_remaining,start.half_seconds_remaining,start.game_seconds_remaining,end.quarter_seconds_remaining,end.half_seconds_remaining,end.game_seconds_remaining,period,team,home_color,away_color
6,40158580811,11,92,Jump Shot,Kentavious Caldwell-Pope misses 23-foot three point jumper,0,0,1,1st Quarter,11:22,False,0,7.0,2581018.0,,,2024-04-13T00:11:51Z,True,49,-1,401585808,2024,2,24,San Antonio,Spurs,SA,San Antonio,7,Denver,Nuggets,DEN,Denver,2.5,True,False,2.5,1,11:22,11.0,22.0,False,False,1,1,1.0,1.0,1.0,1.0,682.0,1402.0,2842.0,679.0,1399.0,2839.0,1,away,0022B4,99bfe5
8,40158580813,13,136,Turnaround Bank Jump Shot,Victor Wembanyama makes 6-foot two point shot,0,2,1,1st Quarter,11:12,True,2,24.0,5104157.0,,,2024-04-13T00:12:01Z,True,20,3,401585808,2024,2,24,San Antonio,Spurs,SA,San Antonio,7,Denver,Nuggets,DEN,Denver,2.5,True,False,2.5,1,11:12,11.0,12.0,False,False,1,1,1.0,1.0,1.0,1.0,672.0,1392.0,2832.0,660.0,1380.0,2820.0,1,home,0022B4,99bfe5
9,40158580814,14,132,Step Back Jump Shot,Michael Porter Jr. misses 19-foot step back jumpshot,0,2,1,1st Quarter,11:00,False,0,7.0,4278104.0,,,2024-04-13T00:12:12Z,True,16,17,401585808,2024,2,24,San Antonio,Spurs,SA,San Antonio,7,Denver,Nuggets,DEN,Denver,2.5,True,False,2.5,1,11:00,11.0,0.0,False,False,1,1,1.0,1.0,1.0,1.0,660.0,1380.0,2820.0,660.0,1380.0,2820.0,1,away,0022B4,99bfe5
11,40158580816,16,146,Running Pullup Jump Shot,Victor Wembanyama misses running pullup jump shot,0,2,1,1st Quarter,10:51,False,0,24.0,5104157.0,,,2024-04-13T00:12:21Z,True,38,25,401585808,2024,2,24,San Antonio,Spurs,SA,San Antonio,7,Denver,Nuggets,DEN,Denver,2.5,True,False,2.5,1,10:51,10.0,51.0,False,False,1,1,1.0,1.0,1.0,1.0,651.0,1371.0,2811.0,648.0,1368.0,2808.0,1,home,0022B4,99bfe5
13,40158580818,18,95,Layup Shot,Nikola Jokic makes layup (Jamal Murray assists),2,2,1,1st Quarter,10:43,True,2,7.0,3112335.0,3936299.0,,2024-04-13T00:12:31Z,True,24,0,401585808,2024,2,24,San Antonio,Spurs,SA,San Antonio,7,Denver,Nuggets,DEN,Denver,2.5,True,False,2.5,1,10:43,10.0,43.0,False,False,1,1,1.0,1.0,1.0,1.0,643.0,1363.0,2803.0,627.0,1347.0,2787.0,1,away,0022B4,99bfe5
14,40158580820,20,130,Floating Jump Shot,Sandro Mamukelashvili misses 7-foot two point shot,2,2,1,1st Quarter,10:27,False,0,24.0,4278580.0,,,2024-04-13T00:12:46Z,True,25,8,401585808,2024,2,24,San Antonio,Spurs,SA,San Antonio,7,Denver,Nuggets,DEN,Denver,2.5,True,False,2.5,1,10:27,10.0,27.0,False,False,1,1,1.0,1.0,1.0,1.0,627.0,1347.0,2787.0,627.0,1347.0,2787.0,1,home,0022B4,99bfe5
16,40158580822,22,130,Floating Jump Shot,Nikola Jokic makes 7-foot two point shot (Jamal Murray assists),4,2,1,1st Quarter,10:17,True,2,7.0,3112335.0,3936299.0,,2024-04-13T00:12:56Z,True,25,8,401585808,2024,2,24,San Antonio,Spurs,SA,San Antonio,7,Denver,Nuggets,DEN,Denver,2.5,True,False,2.5,1,10:17,10.0,17.0,False,False,1,1,1.0,1.0,1.0,1.0,617.0,1337.0,2777.0,601.0,1321.0,2761.0,1,away,0022B4,99bfe5
17,40158580824,24,92,Jump Shot,Julian Champagnie makes 23-foot three point jumper (Victor Wembanyama assists),4,5,1,1st Quarter,10:01,True,3,24.0,4592479.0,5104157.0,,2024-04-13T00:13:11Z,True,48,-1,401585808,2024,2,24,San Antonio,Spurs,SA,San Antonio,7,Denver,Nuggets,DEN,Denver,2.5,True,False,2.5,1,10:01,10.0,1.0,False,False,1,1,1.0,1.0,1.0,1.0,601.0,1321.0,2761.0,590.0,1310.0,2750.0,1,home,0022B4,99bfe5
18,40158580826,26,92,Jump Shot,Jamal Murray misses 27-foot three point jumper,4,5,1,1st Quarter,9:50,False,0,7.0,3936299.0,,,2024-04-13T00:13:22Z,True,37,24,401585808,2024,2,24,San Antonio,Spurs,SA,San Antonio,7,Denver,Nuggets,DEN,Denver,2.5,True,False,2.5,1,9:50,9.0,50.0,False,False,1,1,1.0,1.0,1.0,1.0,590.0,1310.0,2750.0,587.0,1307.0,2747.0,1,away,0022B4,99bfe5
20,40158580828,28,146,Running Pullup Jump Shot,Victor Wembanyama misses running pullup jump shot,4,5,1,1st Quarter,9:43,False,0,24.0,5104157.0,,,2024-04-13T00:13:30Z,True,19,26,401585808,2024,2,24,San Antonio,Spurs,SA,San Antonio,7,Denver,Nuggets,DEN,Denver,2.5,True,False,2.5,1,9:43,9.0,43.0,False,False,1,1,1.0,1.0,1.0,1.0,583.0,1303.0,2743.0,580.0,1300.0,2740.0,1,home,0022B4,99bfe5
23,40158580832,32,116,Running Dunk Shot,Victor Wembanyama makes dunk (Blake Wesley assists),4,7,1,1st Quarter,9:34,True,2,24.0,5104157.0,4683935.0,,2024-04-13T00:13:39Z,True,26,1,401585808,2024,2,24,San Antonio,Spurs,SA,San Antonio,7,Denver,Nuggets,DEN,Denver,2.5,True,False,2.5,1,9:34,9.0,34.0,False,False,1,1,1.0,1.0,1.0,1.0,574.0,1294.0,2734.0,554.0,1274.0,2714.0,1,home,0022B4,99bfe5
24,40158580834,34,141,Cutting Layup Shot,Michael Porter Jr. makes layup (Aaron Gordon assists),6,7,1,1st Quarter,9:14,True,2,7.0,4278104.0,3064290.0,,2024-04-13T00:13:59Z,True,25,0,401585808,2024,2,24,San Antonio,Spurs,SA,San Antonio,7,Denver,Nuggets,DEN,Denver,2.5,True,False,2.5,1,9:14,9.0,14.0,False,False,1,1,1.0,1.0,1.0,1.0,554.0,1274.0,2714.0,547.0,1267.0,2707.0,1,away,0022B4,99bfe5
25,40158580836,36,115,Driving Dunk Shot,Blake Wesley makes driving dunk (Tre Jones assists),6,9,1,1st Quarter,9:07,True,2,24.0,4683935.0,4395626.0,,2024-04-13T00:14:05Z,True,25,1,401585808,2024,2,24,San Antonio,Spurs,SA,San Antonio,7,Denver,Nuggets,DEN,Denver,2.5,True,False,2.5,1,9:07,9.0,7.0,False,False,1,1,1.0,1.0,1.0,1.0,547.0,1267.0,2707.0,526.0,1246.0,2686.0,1,home,0022B4,99bfe5
26,40158580838,38,141,Cutting Layup Shot,Nikola Jokic makes 1-foot layup (Jamal Murray assists),8,9,1,1st Quarter,8:46,True,2,7.0,3112335.0,3936299.0,,2024-04-13T00:14:27Z,True,25,1,401585808,2024,2,24,San Antonio,Spurs,SA,San Antonio,7,Denver,Nuggets,DEN,Denver,2.5,True,False,2.5,1,8:46,8.0,46.0,False,False,1,1,1.0,1.0,1.0,1.0,526.0,1246.0,2686.0,509.0,1229.0,2669.0,1,away,0022B4,99bfe5
32,40158580847,47,92,Jump Shot,Victor Wembanyama misses 26-foot three point jumper,8,10,1,1st Quarter,8:06,False,0,24.0,5104157.0,,,2024-04-13T00:16:09Z,True,5,18,401585808,2024,2,24,San Antonio,Spurs,SA,San Antonio,7,Denver,Nuggets,DEN,Denver,2.5,True,False,2.5,1,8:06,8.0,6.0,False,False,1,1,1.0,1.0,1.0,1.0,486.0,1206.0,2646.0,484.0,1204.0,2644.0,1,home,0022B4,99bfe5
34,40158580849,49,92,Jump Shot,Michael Porter Jr. misses 24-foot three point jumper,8,10,1,1st Quarter,7:50,False,0,7.0,4278104.0,,,2024-04-13T00:16:26Z,True,42,18,401585808,2024,2,24,San Antonio,Spurs,SA,San Antonio,7,Denver,Nuggets,DEN,Denver,2.5,True,False,2.5,1,7:50,7.0,50.0,False,False,1,1,1.0,1.0,1.0,1.0,470.0,1190.0,2630.0,463.0,1183.0,2623.0,1,away,0022B4,99bfe5
36,40158580851,51,125,Layup Shot Putback,Nikola Jokic makes two point shot,10,10,1,1st Quarter,7:43,True,2,7.0,3112335.0,,,2024-04-13T00:16:32Z,True,25,0,401585808,2024,2,24,San Antonio,Spurs,SA,San Antonio,7,Denver,Nuggets,DEN,Denver,2.5,True,False,2.5,1,7:43,7.0,43.0,False,False,1,1,1.0,1.0,1.0,1.0,463.0,1183.0,2623.0,456.0,1176.0,2616.0,1,away,0022B4,99bfe5
37,40158580852,52,128,Driving Finger Roll Layup,Tre Jones makes 1-foot two point shot,10,12,1,1st Quarter,7:36,True,2,24.0,4395626.0,,,2024-04-13T00:16:40Z,True,25,2,401585808,2024,2,24,San Antonio,Spurs,SA,San Antonio,7,Denver,Nuggets,DEN,Denver,2.5,True,False,2.5,1,7:36,7.0,36.0,False,False,1,1,1.0,1.0,1.0,1.0,456.0,1176.0,2616.0,446.0,1166.0,2606.0,1,home,0022B4,99bfe5
38,40158580853,53,151,Cutting Dunk Shot,Nikola Jokic makes 2-foot dunk (Kentavious Caldwell-Pope assists),12,12,1,1st Quarter,7:26,True,2,7.0,3112335.0,2581018.0,,2024-04-13T00:16:50Z,True,25,2,401585808,2024,2,24,San Antonio,Spurs,SA,San Antonio,7,Denver,Nuggets,DEN,Denver,2.5,True,False,2.5,1,7:26,7.0,26.0,False,False,1,1,1.0,1.0,1.0,1.0,446.0,1166.0,2606.0,439.0,1159.0,2599.0,1,away,0022B4,99bfe5
40,40158580856,56,132,Step Back Jump Shot,Jamal Murray misses 23-foot step back jumpshot,12,12,1,1st Quarter,7:00,False,0,7.0,3936299.0,,,2024-04-13T00:17:26Z,True,1,0,401585808,2024,2,24,San Antonio,Spurs,SA,San Antonio,7,Denver,Nuggets,DEN,Denver,2.5,True,False,2.5,1,7:00,7.0,0.0,False,False,1,1,1.0,1.0,1.0,1.0,420.0,1140.0,2580.0,419.0,1139.0,2579.0,1,away,0022B4,99bfe5
44,40158580861,61,126,Layup Driving Reverse,Jamal Murray makes two point shot,14,12,1,1st Quarter,6:51,True,2,7.0,3936299.0,,,2024-04-13T00:20:46Z,True,25,1,401585808,2024,2,24,San Antonio,Spurs,SA,San Antonio,7,Denver,Nuggets,DEN,Denver,2.5,True,False,2.5,1,6:51,6.0,51.0,False,False,1,1,1.0,1.0,1.0,1.0,411.0,1131.0,2571.0,398.0,1118.0,2558.0,1,away,0022B4,99bfe5
45,40158580862,62,92,Jump Shot,Sandro Mamukelashvili makes 25-foot three point jumper (Tre Jones assists),14,15,1,1st Quarter,6:38,True,3,24.0,4278580.0,4395626.0,,2024-04-13T00:21:00Z,True,39,22,401585808,2024,2,24,San Antonio,Spurs,SA,San Antonio,7,Denver,Nuggets,DEN,Denver,2.5,True,False,2.5,1,6:38,6.0,38.0,False,False,1,1,1.0,1.0,1.0,1.0,398.0,1118.0,2558.0,383.0,1103.0,2543.0,1,home,0022B4,99bfe5
46,40158580864,64,110,Driving Layup Shot,Jamal Murray makes driving layup,16,15,1,1st Quarter,6:23,True,2,7.0,3936299.0,,,2024-04-13T00:21:16Z,True,25,0,401585808,2024,2,24,San Antonio,Spurs,SA,San Antonio,7,Denver,Nuggets,DEN,Denver,2.5,True,False,2.5,1,6:23,6.0,23.0,False,False,1,1,1.0,1.0,1.0,1.0,383.0,1103.0,2543.0,368.0,1088.0,2528.0,1,away,0022B4,99bfe5
47,40158580865,65,142,Cutting Finger Roll Layup Shot,Sandro Mamukelashvili makes layup (Victor Wembanyama assists),16,17,1,1st Quarter,6:08,True,2,24.0,4278580.0,5104157.0,,2024-04-13T00:21:30Z,True,25,1,401585808,2024,2,24,San Antonio,Spurs,SA,San Antonio,7,Denver,Nuggets,DEN,Denver,2.5,True,False,2.5,1,6:08,6.0,8.0,False,False,1,1,1.0,1.0,1.0,1.0,368.0,1088.0,2528.0,355.0,1075.0,2515.0,1,home,0022B4,99bfe5
48,40158580867,67,144,Driving Floating Jump Shot,Jamal Murray misses driving floating jump shot,16,17,1,1st Quarter,5:55,False,0,7.0,3936299.0,,,2024-04-13T00:21:43Z,True,25,15,401585808,2024,2,24,San Antonio,Spurs,SA,San Antonio,7,Denver,Nuggets,DEN,Denver,2.5,True,False,2.5,1,5:55,5.0,55.0,False,False,1,1,1.0,1.0,1.0,1.0,355.0,1075.0,2515.0,353.0,1073.0,2513.0,1,away,0022B4,99bfe5
58,40158580882,82,132,Step Back Jump Shot,Jamal Murray makes 23-foot step back jumpshot,19,18,1,1st Quarter,5:26,True,3,7.0,3936299.0,,,2024-04-13T00:23:02Z,True,2,6,401585808,2024,2,24,San Antonio,Spurs,SA,San Antonio,7,Denver,Nuggets,DEN,Denver,2.5,True,False,2.5,1,5:26,5.0,26.0,False,False,1,1,1.0,1.0,1.0,1.0,326.0,1046.0,2486.0,304.0,1024.0,2464.0,1,away,0022B4,99bfe5
60,40158580885,85,113,Running Jump Shot,Christian Braun misses 23-foot three point shot,19,18,1,1st Quarter,4:59,False,0,7.0,4431767.0,,,2024-04-13T00:23:29Z,True,2,0,401585808,2024,2,24,San Antonio,Spurs,SA,San Antonio,7,Denver,Nuggets,DEN,Denver,2.5,True,False,2.5,1,4:59,4.0,59.0,False,False,1,1,1.0,1.0,1.0,1.0,299.0,1019.0,2459.0,294.0,1014.0,2454.0,1,away,0022B4,99bfe5
62,40158580887,87,92,Jump Shot,Devonte' Graham misses 24-foot three point jumper,19,18,1,1st Quarter,4:45,False,0,24.0,3133601.0,,,2024-04-13T00:23:43Z,True,1,7,401585808,2024,2,24,San Antonio,Spurs,SA,San Antonio,7,Denver,Nuggets,DEN,Denver,2.5,True,False,2.5,1,4:45,4.0,45.0,False,False,1,1,1.0,1.0,1.0,1.0,285.0,1005.0,2445.0,282.0,1002.0,2442.0,1,home,0022B4,99bfe5
64,40158580889,89,92,Jump Shot,Zach Collins makes 25-foot three point jumper (Devonte' Graham assists),19,21,1,1st Quarter,4:38,True,3,24.0,4066650.0,3133601.0,,2024-04-13T00:23:51Z,True,15,24,401585808,2024,2,24,San Antonio,Spurs,SA,San Antonio,7,Denver,Nuggets,DEN,Denver,2.5,True,False,2.5,1,4:38,4.0,38.0,False,False,1,1,1.0,1.0,1.0,1.0,278.0,998.0,2438.0,261.0,981.0,2421.0,1,home,0022B4,99bfe5
65,40158580891,91,132,Step Back Jump Shot,Jamal Murray makes 25-foot step back jumpshot,22,21,1,1st Quarter,4:21,True,3,7.0,3936299.0,,,2024-04-13T00:24:07Z,True,19,25,401585808,2024,2,24,San Antonio,Spurs,SA,San Antonio,7,Denver,Nuggets,DEN,Denver,2.5,True,False,2.5,1,4:21,4.0,21.0,False,False,1,1,1.0,1.0,1.0,1.0,261.0,981.0,2421.0,251.0,971.0,2411.0,1,away,0022B4,99bfe5
69,40158580897,97,131,Pullup Jump Shot,Kentavious Caldwell-Pope misses 14-foot pullup jump shot,22,21,1,1st Quarter,4:00,False,0,7.0,2581018.0,,,2024-04-13T00:24:53Z,True,13,8,401585808,2024,2,24,San Antonio,Spurs,SA,San Antonio,7,Denver,Nuggets,DEN,Denver,2.5,True,False,2.5,1,4:00,4.0,0.0,False,False,1,1,1.0,1.0,1.0,1.0,240.0,960.0,2400.0,237.0,957.0,2397.0,1,away,0022B4,99bfe5
71,40158580899,99,92,Jump Shot,Zach Collins makes 26-foot three point jumper (Blake Wesley assists),22,24,1,1st Quarter,3:50,True,3,24.0,4066650.0,4683935.0,,2024-04-13T00:25:02Z,True,10,22,401585808,2024,2,24,San Antonio,Spurs,SA,San Antonio,7,Denver,Nuggets,DEN,Denver,2.5,True,False,2.5,1,3:50,3.0,50.0,False,False,1,1,1.0,1.0,1.0,1.0,230.0,950.0,2390.0,215.0,935.0,2375.0,1,home,0022B4,99bfe5
72,401585808101,101,92,Jump Shot,Christian Braun misses 26-foot three point jumper,22,24,1,1st Quarter,3:35,False,0,7.0,4431767.0,,,2024-04-13T00:25:17Z,True,8,20,401585808,2024,2,24,San Antonio,Spurs,SA,San Antonio,7,Denver,Nuggets,DEN,Denver,2.5,True,False,2.5,1,3:35,3.0,35.0,False,False,1,1,1.0,1.0,1.0,1.0,215.0,935.0,2375.0,210.0,930.0,2370.0,1,away,0022B4,99bfe5
74,401585808103,103,125,Layup Shot Putback,Peyton Watson makes two point shot,24,24,1,1st Quarter,3:30,True,2,7.0,4576087.0,,,2024-04-13T00:25:22Z,True,25,0,401585808,2024,2,24,San Antonio,Spurs,SA,San Antonio,7,Denver,Nuggets,DEN,Denver,2.5,True,False,2.5,1,3:30,3.0,30.0,False,False,1,1,1.0,1.0,1.0,1.0,210.0,930.0,2370.0,199.0,919.0,2359.0,1,away,0022B4,99bfe5
75,401585808104,104,92,Jump Shot,Sidy Cissoko misses 25-foot three point jumper,24,24,1,1st Quarter,3:19,False,0,24.0,5081727.0,,,2024-04-13T00:25:33Z,True,12,22,401585808,2024,2,24,San Antonio,Spurs,SA,San Antonio,7,Denver,Nuggets,DEN,Denver,2.5,True,False,2.5,1,3:19,3.0,19.0,False,False,1,1,1.0,1.0,1.0,1.0,199.0,919.0,2359.0,194.0,914.0,2354.0,1,home,0022B4,99bfe5
77,401585808106,106,92,Jump Shot,Kentavious Caldwell-Pope makes 24-foot three point jumper (Christian Braun assists),27,24,1,1st Quarter,3:09,True,3,7.0,2581018.0,4431767.0,,2024-04-13T00:25:42Z,True,4,12,401585808,2024,2,24,San Antonio,Spurs,SA,San Antonio,7,Denver,Nuggets,DEN,Denver,2.5,True,False,2.5,1,3:09,3.0,9.0,False,False,1,1,1.0,1.0,1.0,1.0,189.0,909.0,2349.0,163.0,883.0,2323.0,1,away,0022B4,99bfe5
78,401585808108,108,114,Turnaround Jump Shot,Sandro Mamukelashvili makes 10-foot two point shot (Blake Wesley assists),27,26,1,1st Quarter,2:43,True,2,24.0,4278580.0,4683935.0,,2024-04-13T00:26:09Z,True,27,10,401585808,2024,2,24,San Antonio,Spurs,SA,San Antonio,7,Denver,Nuggets,DEN,Denver,2.5,True,False,2.5,1,2:43,2.0,43.0,False,False,1,1,1.0,1.0,1.0,1.0,163.0,883.0,2323.0,143.0,863.0,2303.0,1,home,0022B4,99bfe5
79,401585808109,109,128,Driving Finger Roll Layup,Christian Braun misses two point shot,27,26,1,1st Quarter,2:23,False,0,7.0,4431767.0,,,2024-04-13T00:26:29Z,True,25,1,401585808,2024,2,24,San Antonio,Spurs,SA,San Antonio,7,Denver,Nuggets,DEN,Denver,2.5,True,False,2.5,1,2:23,2.0,23.0,False,False,1,1,1.0,1.0,1.0,1.0,143.0,863.0,2303.0,143.0,863.0,2303.0,1,away,0022B4,99bfe5
88,401585808120,120,114,Turnaround Jump Shot,Victor Wembanyama makes 5-foot two point shot,27,28,1,1st Quarter,1:58,True,2,24.0,5104157.0,,,2024-04-13T00:30:15Z,True,28,5,401585808,2024,2,24,San Antonio,Spurs,SA,San Antonio,7,Denver,Nuggets,DEN,Denver,2.5,True,False,2.5,1,1:58,1.0,58.0,False,False,1,1,1.0,1.0,1.0,1.0,118.0,838.0,2278.0,104.0,824.0,2264.0,1,home,0022B4,99bfe5
91,401585808123,123,92,Jump Shot,Nikola Jokic makes 22-foot three point jumper (Reggie Jackson assists),31,28,1,1st Quarter,1:38,True,3,7.0,3112335.0,6443.0,,2024-04-13T00:31:18Z,True,3,5,401585808,2024,2,24,San Antonio,Spurs,SA,San Antonio,7,Denver,Nuggets,DEN,Denver,2.5,True,False,2.5,1,1:38,1.0,38.0,False,False,1,1,1.0,1.0,1.0,1.0,98.0,818.0,2258.0,81.0,801.0,2241.0,1,away,0022B4,99bfe5
92,401585808125,125,131,Pullup Jump Shot,Devonte' Graham misses 25-foot three point pullup jump shot,31,28,1,1st Quarter,1:21,False,0,24.0,3133601.0,,,2024-04-13T00:31:36Z,True,41,20,401585808,2024,2,24,San Antonio,Spurs,SA,San Antonio,7,Denver,Nuggets,DEN,Denver,2.5,True,False,2.5,1,1:21,1.0,21.0,False,False,1,1,1.0,1.0,1.0,1.0,81.0,801.0,2241.0,75.0,795.0,2235.0,1,home,0022B4,99bfe5
94,401585808127,127,94,Tip Shot,Sidy Cissoko makes tip shot,31,30,1,1st Quarter,1:15,True,2,24.0,5081727.0,,,2024-04-13T00:31:41Z,True,25,0,401585808,2024,2,24,San Antonio,Spurs,SA,San Antonio,7,Denver,Nuggets,DEN,Denver,2.5,True,False,2.5,1,1:15,1.0,15.0,False,False,1,1,1.0,1.0,1.0,1.0,75.0,795.0,2235.0,71.0,791.0,2231.0,1,home,0022B4,99bfe5
95,401585808128,128,92,Jump Shot,Justin Holiday misses 23-foot three point jumper,31,30,1,1st Quarter,1:11,False,0,7.0,2284101.0,,,2024-04-13T00:31:45Z,True,2,0,401585808,2024,2,24,San Antonio,Spurs,SA,San Antonio,7,Denver,Nuggets,DEN,Denver,2.5,True,False,2.5,1,1:11,1.0,11.0,False,False,1,1,1.0,1.0,1.0,1.0,71.0,791.0,2231.0,64.0,784.0,2224.0,1,away,0022B4,99bfe5
97,401585808130,130,137,Turnaround Fade Away Jump Shot,Victor Wembanyama makes 14-foot two point shot,31,32,1,1st Quarter,0:47.2,True,2,24.0,5104157.0,,,2024-04-13T00:32:10Z,True,10,1,401585808,2024,2,24,San Antonio,Spurs,SA,San Antonio,7,Denver,Nuggets,DEN,Denver,2.5,True,False,2.5,1,0:47.2,0.0,47.20000076293945,False,False,1,1,1.0,1.0,1.0,1.0,47.20000076293945,767.2000122070312,2207.199951171875,41.0,761.0,2201.0,1,home,0022B4,99bfe5
99,401585808135,135,131,Pullup Jump Shot,Peyton Watson misses 15-foot pullup jump shot,31,32,1,1st Quarter,0:31.1,False,0,7.0,4576087.0,,,2024-04-13T00:32:50Z,True,40,-1,401585808,2024,2,24,San Antonio,Spurs,SA,San Antonio,7,Denver,Nuggets,DEN,Denver,2.5,True,False,2.5,1,0:31.1,0.0,31.100000381469727,False,False,1,1,1.0,1.0,1.0,1.0,31.100000381469727,751.0999755859375,2191.10009765625,28.100000381469727,748.0999755859375,2188.10009765625,1,away,0022B4,99bfe5
101,401585808137,137,92,Jump Shot,Devonte' Graham misses 25-foot three point jumper,31,32,1,1st Quarter,0:6.1,False,0,24.0,3133601.0,,,2024-04-13T00:33:15Z,True,46,15,401585808,2024,2,24,San Antonio,Spurs,SA,San Antonio,7,Denver,Nuggets,DEN,Denver,2.5,True,False,2.5,1,0:6.1,0.0,6.099999904632568,False,False,1,1,1.0,1.0,1.0,1.0,6.099999904632568,726.0999755859375,2166.10009765625,5.099999904632568,725.0999755859375,2165.10009765625,1,home,0022B4,99bfe5
104,401585808141,141,128,Driving Finger Roll Layup,Victor Wembanyama misses two point shot,31,32,1,1st Quarter,0:1.1,False,0,24.0,5104157.0,,,2024-04-13T00:33:44Z,True,24,3,401585808,2024,2,24,San Antonio,Spurs,SA,San Antonio,7,Denver,Nuggets,DEN,Denver,2.5,True,False,2.5,1,0:1.1,0.0,1.100000023841858,False,False,1,1,1.0,1.0,1.0,1.0,1.100000023841858,721.0999755859375,2161.10009765625,0.1000000014901161,720.0999755859375,2160.10009765625,1,home,0022B4,99bfe5
106,401585808144,144,92,Jump Shot,Nikola Jokic misses 79-foot three point jumper,31,32,1,1st Quarter,0:0.1,False,0,7.0,3112335.0,,,2024-04-13T00:33:49Z,True,24,80,401585808,2024,2,24,San Antonio,Spurs,SA,San Antonio,7,Denver,Nuggets,DEN,Denver,2.5,True,False,2.5,1,0:0.1,0.0,0.1000000014901161,False,False,1,1,1.0,1.0,1.0,1.0,0.1000000014901161,720.0999755859375,2160.10009765625,0.1000000014901161,720.0999755859375,2160.10009765625,1,away,0022B4,99bfe5
110,401585808150,150,92,Jump Shot,Reggie Jackson misses 22-foot three point jumper,31,32,2,2nd Quarter,11:50,False,0,7.0,6443.0,,,2024-04-13T00:36:41Z,True,3,0,401585808,2024,2,24,San Antonio,Spurs,SA,San Antonio,7,Denver,Nuggets,DEN,Denver,2.5,True,False,2.5,2,11:50,11.0,50.0,False,False,1,1,2.0,2.0,1.0,1.0,710.0,710.0,2150.0,706.0,706.0,2146.0,2,away,0022B4,99bfe5
112,401585808152,152,144,Driving Floating Jump Shot,Tre Jones makes 8-foot driving floating jump shot,31,34,2,2nd Quarter,11:36,True,2,24.0,4395626.0,,,2024-04-13T00:36:54Z,True,21,8,401585808,2024,2,24,San Antonio,Spurs,SA,San Antonio,7,Denver,Nuggets,DEN,Denver,2.5,True,False,2.5,2,11:36,11.0,36.0,False,False,1,1,2.0,2.0,1.0,1.0,696.0,696.0,2136.0,676.0,676.0,2116.0,2,home,0022B4,99bfe5
113,401585808154,154,92,Jump Shot,Justin Holiday makes 23-foot three point jumper (Reggie Jackson assists),34,34,2,2nd Quarter,11:16,True,3,7.0,2284101.0,6443.0,,2024-04-13T00:37:35Z,True,48,2,401585808,2024,2,24,San Antonio,Spurs,SA,San Antonio,7,Denver,Nuggets,DEN,Denver,2.5,True,False,2.5,2,11:16,11.0,16.0,False,False,1,1,2.0,2.0,1.0,1.0,676.0,676.0,2116.0,668.0,668.0,2108.0,2,away,0022B4,99bfe5
114,401585808155,155,118,Alley Oop Dunk Shot,Victor Wembanyama misses alley oop dunk shot,34,34,2,2nd Quarter,11:08,False,0,24.0,5104157.0,,,2024-04-13T00:37:43Z,True,24,2,401585808,2024,2,24,San Antonio,Spurs,SA,San Antonio,7,Denver,Nuggets,DEN,Denver,2.5,True,False,2.5,2,11:08,11.0,8.0,False,False,1,1,2.0,2.0,1.0,1.0,668.0,668.0,2108.0,668.0,668.0,2108.0,2,home,0022B4,99bfe5
116,401585808157,157,92,Jump Shot,Justin Holiday misses 24-foot three point jumper,34,34,2,2nd Quarter,11:00,False,0,7.0,2284101.0,,,2024-04-13T00:37:51Z,True,26,25,401585808,2024,2,24,San Antonio,Spurs,SA,San Antonio,7,Denver,Nuggets,DEN,Denver,2.5,True,False,2.5,2,11:00,11.0,0.0,False,False,1,1,2.0,2.0,1.0,1.0,660.0,660.0,2100.0,660.0,660.0,2100.0,2,away,0022B4,99bfe5
118,401585808159,159,132,Step Back Jump Shot,Victor Wembanyama misses 25-foot step back jumpshot,34,34,2,2nd Quarter,10:49,False,0,24.0,5104157.0,,,2024-04-13T00:38:02Z,True,24,26,401585808,2024,2,24,San Antonio,Spurs,SA,San Antonio,7,Denver,Nuggets,DEN,Denver,2.5,True,False,2.5,2,10:49,10.0,49.0,False,False,1,1,2.0,2.0,1.0,1.0,649.0,649.0,2089.0,645.0,645.0,2085.0,2,home,0022B4,99bfe5
129,401585808175,175,144,Driving Floating Jump Shot,Reggie Jackson makes 10-foot driving floating jump shot (Justin Holiday assists),37,36,2,2nd Quarter,10:17,True,2,7.0,6443.0,2284101.0,,2024-04-13T00:40:18Z,True,25,11,401585808,2024,2,24,San Antonio,Spurs,SA,San Antonio,7,Denver,Nuggets,DEN,Denver,2.5,True,False,2.5,2,10:17,10.0,17.0,False,False,1,1,2.0,2.0,1.0,1.0,617.0,617.0,2057.0,596.0,596.0,2036.0,2,away,0022B4,99bfe5
130,401585808176,176,93,Hook Shot,Sandro Mamukelashvili misses 6-foot hook shot,37,36,2,2nd Quarter,9:56,False,0,24.0,4278580.0,,,2024-04-13T00:40:39Z,True,25,6,401585808,2024,2,24,San Antonio,Spurs,SA,San Antonio,7,Denver,Nuggets,DEN,Denver,2.5,True,False,2.5,2,9:56,9.0,56.0,False,False,1,1,2.0,2.0,1.0,1.0,596.0,596.0,2036.0,596.0,596.0,2036.0,2,home,0022B4,99bfe5
132,401585808179,179,115,Driving Dunk Shot,Peyton Watson makes driving dunk (Christian Braun assists),39,36,2,2nd Quarter,9:41,True,2,7.0,4576087.0,4431767.0,,2024-04-13T00:40:53Z,True,25,1,401585808,2024,2,24,San Antonio,Spurs,SA,San Antonio,7,Denver,Nuggets,DEN,Denver,2.5,True,False,2.5,2,9:41,9.0,41.0,False,False,1,1,2.0,2.0,1.0,1.0,581.0,581.0,2021.0,573.0,573.0,2013.0,2,away,0022B4,99bfe5
136,401585808186,186,144,Driving Floating Jump Shot,Reggie Jackson misses driving floating jump shot,39,36,2,2nd Quarter,9:18,False,0,7.0,6443.0,,,2024-04-13T00:41:55Z,True,28,10,401585808,2024,2,24,San Antonio,Spurs,SA,San Antonio,7,Denver,Nuggets,DEN,Denver,2.5,True,False,2.5,2,9:18,9.0,18.0,False,False,1,1,2.0,2.0,1.0,1.0,558.0,558.0,1998.0,555.0,555.0,1995.0,2,away,0022B4,99bfe5
143,401585808195,195,144,Driving Floating Jump Shot,Victor Wembanyama blocks Reggie Jackson 's 13-foot driving floating jump shot,39,37,2,2nd Quarter,9:01,False,0,7.0,6443.0,5104157.0,,2024-04-13T00:43:14Z,True,24,14,401585808,2024,2,24,San Antonio,Spurs,SA,San Antonio,7,Denver,Nuggets,DEN,Denver,2.5,True,False,2.5,2,9:01,9.0,1.0,False,False,1,1,2.0,2.0,1.0,1.0,541.0,541.0,1981.0,537.0,537.0,1977.0,2,away,0022B4,99bfe5
145,401585808197,197,113,Running Jump Shot,Julian Champagnie misses 24-foot three point shot,39,37,2,2nd Quarter,8:53,False,0,24.0,4592479.0,,,2024-04-13T00:43:22Z,True,18,24,401585808,2024,2,24,San Antonio,Spurs,SA,San Antonio,7,Denver,Nuggets,DEN,Denver,2.5,True,False,2.5,2,8:53,8.0,53.0,False,False,1,1,2.0,2.0,1.0,1.0,533.0,533.0,1973.0,529.0,529.0,1969.0,2,home,0022B4,99bfe5
147,401585808200,200,144,Driving Floating Jump Shot,Peyton Watson misses driving floating jump shot,39,37,2,2nd Quarter,8:45,False,0,7.0,4576087.0,,,2024-04-13T00:43:30Z,True,26,3,401585808,2024,2,24,San Antonio,Spurs,SA,San Antonio,7,Denver,Nuggets,DEN,Denver,2.5,True,False,2.5,2,8:45,8.0,45.0,False,False,1,1,2.0,2.0,1.0,1.0,525.0,525.0,1965.0,522.0,522.0,1962.0,2,away,0022B4,99bfe5
150,401585808204,204,109,Running Layup Shot,Christian Braun makes two point shot (Reggie Jackson assists),41,37,2,2nd Quarter,8:34,True,2,7.0,4431767.0,6443.0,,2024-04-13T00:43:43Z,True,25,1,401585808,2024,2,24,San Antonio,Spurs,SA,San Antonio,7,Denver,Nuggets,DEN,Denver,2.5,True,False,2.5,2,8:34,8.0,34.0,False,False,1,1,2.0,2.0,1.0,1.0,514.0,514.0,1954.0,513.0,513.0,1953.0,2,away,0022B4,99bfe5
153,401585808210,210,119,Driving Hook Shot,Zach Collins misses 8-foot two point shot,41,37,2,2nd Quarter,8:10,False,0,24.0,4066650.0,,,2024-04-13T00:47:18Z,True,28,8,401585808,2024,2,24,San Antonio,Spurs,SA,San Antonio,7,Denver,Nuggets,DEN,Denver,2.5,True,False,2.5,2,8:10,8.0,10.0,False,False,1,1,2.0,2.0,1.0,1.0,490.0,490.0,1930.0,487.0,487.0,1927.0,2,home,0022B4,99bfe5
155,401585808212,212,131,Pullup Jump Shot,Reggie Jackson makes 14-foot pullup jump shot,43,37,2,2nd Quarter,8:00,True,2,7.0,6443.0,,,2024-04-13T00:47:27Z,True,32,14,401585808,2024,2,24,San Antonio,Spurs,SA,San Antonio,7,Denver,Nuggets,DEN,Denver,2.5,True,False,2.5,2,8:00,8.0,0.0,False,False,1,1,2.0,2.0,1.0,1.0,480.0,480.0,1920.0,468.0,468.0,1908.0,2,away,0022B4,99bfe5
156,401585808213,213,131,Pullup Jump Shot,Tre Jones misses 12-foot pullup jump shot,43,37,2,2nd Quarter,7:48,False,0,24.0,4395626.0,,,2024-04-13T00:47:39Z,True,28,13,401585808,2024,2,24,San Antonio,Spurs,SA,San Antonio,7,Denver,Nuggets,DEN,Denver,2.5,True,False,2.5,2,7:48,7.0,48.0,False,False,1,1,2.0,2.0,1.0,1.0,468.0,468.0,1908.0,465.0,465.0,1905.0,2,home,0022B4,99bfe5
159,401585808217,217,92,Jump Shot,Justin Holiday misses 22-foot three point jumper,43,37,2,2nd Quarter,7:33,False,0,7.0,2284101.0,,,2024-04-13T00:47:54Z,True,2,1,401585808,2024,2,24,San Antonio,Spurs,SA,San Antonio,7,Denver,Nuggets,DEN,Denver,2.5,True,False,2.5,2,7:33,7.0,33.0,False,False,1,1,2.0,2.0,1.0,1.0,453.0,453.0,1893.0,449.0,449.0,1889.0,2,away,0022B4,99bfe5
165,401585808225,225,92,Jump Shot,Justin Holiday misses 23-foot three point jumper,43,39,2,2nd Quarter,7:07,False,0,7.0,2284101.0,,,2024-04-13T00:49:06Z,True,49,0,401585808,2024,2,24,San Antonio,Spurs,SA,San Antonio,7,Denver,Nuggets,DEN,Denver,2.5,True,False,2.5,2,7:07,7.0,7.0,False,False,1,1,2.0,2.0,1.0,1.0,427.0,427.0,1867.0,424.0,424.0,1864.0,2,away,0022B4,99bfe5
167,401585808227,227,114,Turnaround Jump Shot,Zach Collins makes 6-foot two point shot,43,41,2,2nd Quarter,6:42,True,2,24.0,4066650.0,,,2024-04-13T00:49:31Z,True,22,6,401585808,2024,2,24,San Antonio,Spurs,SA,San Antonio,7,Denver,Nuggets,DEN,Denver,2.5,True,False,2.5,2,6:42,6.0,42.0,False,False,1,1,2.0,2.0,1.0,1.0,402.0,402.0,1842.0,396.0,396.0,1836.0,2,home,0022B4,99bfe5
175,401585808241,241,92,Jump Shot,Aaron Gordon makes 24-foot three point jumper (Nikola Jokic assists),46,41,2,2nd Quarter,6:22,True,3,7.0,3064290.0,3112335.0,,2024-04-13T00:52:53Z,True,6,15,401585808,2024,2,24,San Antonio,Spurs,SA,San Antonio,7,Denver,Nuggets,DEN,Denver,2.5,True,False,2.5,2,6:22,6.0,22.0,False,False,1,1,2.0,2.0,1.0,1.0,382.0,382.0,1822.0,357.0,357.0,1797.0,2,away,0022B4,99bfe5
176,401585808243,243,128,Driving Finger Roll Layup,Christian Braun blocks Devonte' Graham 's 1-foot two point shot,46,41,2,2nd Quarter,5:57,False,0,24.0,3133601.0,4431767.0,,2024-04-13T00:53:18Z,True,25,1,401585808,2024,2,24,San Antonio,Spurs,SA,San Antonio,7,Denver,Nuggets,DEN,Denver,2.5,True,False,2.5,2,5:57,5.0,57.0,False,False,1,1,2.0,2.0,1.0,1.0,357.0,357.0,1797.0,354.0,354.0,1794.0,2,home,0022B4,99bfe5
178,401585808246,246,137,Turnaround Fade Away Jump Shot,Jamal Murray misses 15-foot two point shot,46,41,2,2nd Quarter,5:48,False,0,7.0,3936299.0,,,2024-04-13T00:53:26Z,True,38,9,401585808,2024,2,24,San Antonio,Spurs,SA,San Antonio,7,Denver,Nuggets,DEN,Denver,2.5,True,False,2.5,2,5:48,5.0,48.0,False,False,1,1,2.0,2.0,1.0,1.0,348.0,348.0,1788.0,346.0,346.0,1786.0,2,away,0022B4,99bfe5
180,401585808248,248,119,Driving Hook Shot,Zach Collins misses 7-foot two point shot,46,41,2,2nd Quarter,5:36,False,0,24.0,4066650.0,,,2024-04-13T00:53:39Z,True,23,8,401585808,2024,2,24,San Antonio,Spurs,SA,San Antonio,7,Denver,Nuggets,DEN,Denver,2.5,True,False,2.5,2,5:36,5.0,36.0,False,False,1,1,2.0,2.0,1.0,1.0,336.0,336.0,1776.0,335.0,335.0,1775.0,2,home,0022B4,99bfe5
182,401585808251,251,132,Step Back Jump Shot,Michael Porter Jr. makes 22-foot step back jumpshot (Christian Braun assists),48,41,2,2nd Quarter,5:23,True,2,7.0,4278104.0,4431767.0,,2024-04-13T00:53:52Z,True,24,22,401585808,2024,2,24,San Antonio,Spurs,SA,San Antonio,7,Denver,Nuggets,DEN,Denver,2.5,True,False,2.5,2,5:23,5.0,23.0,False,False,1,1,2.0,2.0,1.0,1.0,323.0,323.0,1763.0,295.0,295.0,1735.0,2,away,0022B4,99bfe5
183,401585808253,253,121,Fade Away Jump Shot,Victor Wembanyama misses 13-foot two point shot,48,41,2,2nd Quarter,4:55,False,0,24.0,5104157.0,,,2024-04-13T00:54:19Z,True,36,7,401585808,2024,2,24,San Antonio,Spurs,SA,San Antonio,7,Denver,Nuggets,DEN,Denver,2.5,True,False,2.5,2,4:55,4.0,55.0,False,False,1,1,2.0,2.0,1.0,1.0,295.0,295.0,1735.0,293.0,293.0,1733.0,2,home,0022B4,99bfe5
185,401585808255,255,132,Step Back Jump Shot,Jamal Murray makes 25-foot step back jumpshot (Nikola Jokic assists),51,41,2,2nd Quarter,4:35,True,3,7.0,3936299.0,3112335.0,,2024-04-13T00:54:40Z,True,39,21,401585808,2024,2,24,San Antonio,Spurs,SA,San Antonio,7,Denver,Nuggets,DEN,Denver,2.5,True,False,2.5,2,4:35,4.0,35.0,False,False,1,1,2.0,2.0,1.0,1.0,275.0,275.0,1715.0,274.0,274.0,1714.0,2,away,0022B4,99bfe5
189,401585808261,261,135,Fade Away Bank Jump Shot,Michael Porter Jr. misses 10-foot two point shot,51,41,2,2nd Quarter,4:00,False,0,7.0,4278104.0,,,2024-04-13T00:57:08Z,True,35,3,401585808,2024,2,24,San Antonio,Spurs,SA,San Antonio,7,Denver,Nuggets,DEN,Denver,2.5,True,False,2.5,2,4:00,4.0,0.0,False,False,1,1,2.0,2.0,1.0,1.0,240.0,240.0,1680.0,238.0,238.0,1678.0,2,away,0022B4,99bfe5
192,401585808265,265,116,Running Dunk Shot,Kentavious Caldwell-Pope makes 1-foot dunk,53,41,2,2nd Quarter,3:51,True,2,7.0,2581018.0,,,2024-04-13T00:57:17Z,True,25,1,401585808,2024,2,24,San Antonio,Spurs,SA,San Antonio,7,Denver,Nuggets,DEN,Denver,2.5,True,False,2.5,2,3:51,3.0,51.0,False,False,1,1,2.0,2.0,1.0,1.0,231.0,231.0,1671.0,211.0,211.0,1651.0,2,away,0022B4,99bfe5
193,401585808266,266,92,Jump Shot,Victor Wembanyama makes 23-foot three point jumper (Zach Collins assists),53,44,2,2nd Quarter,3:31,True,3,24.0,5104157.0,4066650.0,,2024-04-13T00:57:37Z,True,2,3,401585808,2024,2,24,San Antonio,Spurs,SA,San Antonio,7,Denver,Nuggets,DEN,Denver,2.5,True,False,2.5,2,3:31,3.0,31.0,False,False,1,1,2.0,2.0,1.0,1.0,211.0,211.0,1651.0,197.0,197.0,1637.0,2,home,0022B4,99bfe5
194,401585808268,268,151,Cutting Dunk Shot,Aaron Gordon makes dunk (Nikola Jokic assists),55,44,2,2nd Quarter,3:17,True,2,7.0,3064290.0,3112335.0,,2024-04-13T00:57:51Z,True,25,1,401585808,2024,2,24,San Antonio,Spurs,SA,San Antonio,7,Denver,Nuggets,DEN,Denver,2.5,True,False,2.5,2,3:17,3.0,17.0,False,False,1,1,2.0,2.0,1.0,1.0,197.0,197.0,1637.0,184.0,184.0,1624.0,2,away,0022B4,99bfe5
195,401585808270,270,131,Pullup Jump Shot,Victor Wembanyama misses 26-foot three point pullup jump shot,55,44,2,2nd Quarter,3:04,False,0,24.0,5104157.0,,,2024-04-13T00:58:03Z,True,12,23,401585808,2024,2,24,San Antonio,Spurs,SA,San Antonio,7,Denver,Nuggets,DEN,Denver,2.5,True,False,2.5,2,3:04,3.0,4.0,False,False,1,1,2.0,2.0,1.0,1.0,184.0,184.0,1624.0,183.0,183.0,1623.0,2,home,0022B4,99bfe5
201,401585808281,281,110,Driving Layup Shot,Nikola Jokic blocks Victor Wembanyama 's 2-foot driving layup,55,44,2,2nd Quarter,2:54,False,0,24.0,5104157.0,3112335.0,,2024-04-13T00:59:17Z,True,25,2,401585808,2024,2,24,San Antonio,Spurs,SA,San Antonio,7,Denver,Nuggets,DEN,Denver,2.5,True,False,2.5,2,2:54,2.0,54.0,False,False,1,1,2.0,2.0,1.0,1.0,174.0,174.0,1614.0,174.0,174.0,1614.0,2,home,0022B4,99bfe5
204,401585808286,286,128,Driving Finger Roll Layup,Jamal Murray makes two point shot,57,44,2,2nd Quarter,2:32,True,2,7.0,3936299.0,,,2024-04-13T01:00:01Z,True,25,1,401585808,2024,2,24,San Antonio,Spurs,SA,San Antonio,7,Denver,Nuggets,DEN,Denver,2.5,True,False,2.5,2,2:32,2.0,32.0,False,False,1,1,2.0,2.0,1.0,1.0,152.0,152.0,1592.0,137.0,137.0,1577.0,2,away,0022B4,99bfe5
205,401585808287,287,130,Floating Jump Shot,Zach Collins makes 9-foot two point shot (Tre Jones assists),57,46,2,2nd Quarter,2:17,True,2,24.0,4066650.0,4395626.0,,2024-04-13T01:00:16Z,True,24,10,401585808,2024,2,24,San Antonio,Spurs,SA,San Antonio,7,Denver,Nuggets,DEN,Denver,2.5,True,False,2.5,2,2:17,2.0,17.0,False,False,1,1,2.0,2.0,1.0,1.0,137.0,137.0,1577.0,123.0,123.0,1563.0,2,home,0022B4,99bfe5
206,401585808289,289,110,Driving Layup Shot,Jamal Murray misses driving layup,57,46,2,2nd Quarter,2:03,False,0,7.0,3936299.0,,,2024-04-13T01:00:30Z,True,23,2,401585808,2024,2,24,San Antonio,Spurs,SA,San Antonio,7,Denver,Nuggets,DEN,Denver,2.5,True,False,2.5,2,2:03,2.0,3.0,False,False,1,1,2.0,2.0,1.0,1.0,123.0,123.0,1563.0,123.0,123.0,1563.0,2,away,0022B4,99bfe5
208,401585808292,292,132,Step Back Jump Shot,Jamal Murray makes 25-foot step back jumpshot,60,46,2,2nd Quarter,1:47,True,3,7.0,3936299.0,,,2024-04-13T01:00:58Z,True,42,19,401585808,2024,2,24,San Antonio,Spurs,SA,San Antonio,7,Denver,Nuggets,DEN,Denver,2.5,True,False,2.5,2,1:47,1.0,47.0,False,False,1,1,2.0,2.0,1.0,1.0,107.0,107.0,1547.0,97.0,97.0,1537.0,2,away,0022B4,99bfe5
212,401585808297,297,132,Step Back Jump Shot,Jamal Murray misses 15-foot step back jumpshot,60,48,2,2nd Quarter,1:17,False,0,7.0,3936299.0,,,2024-04-13T01:02:21Z,True,40,1,401585808,2024,2,24,San Antonio,Spurs,SA,San Antonio,7,Denver,Nuggets,DEN,Denver,2.5,True,False,2.5,2,1:17,1.0,17.0,False,False,1,1,2.0,2.0,1.0,1.0,77.0,77.0,1517.0,74.0,74.0,1514.0,2,away,0022B4,99bfe5
214,401585808299,299,116,Running Dunk Shot,Sidy Cissoko makes 1-foot dunk (Victor Wembanyama assists),60,50,2,2nd Quarter,1:10,True,2,24.0,5081727.0,5104157.0,,2024-04-13T01:02:28Z,True,24,1,401585808,2024,2,24,San Antonio,Spurs,SA,San Antonio,7,Denver,Nuggets,DEN,Denver,2.5,True,False,2.5,2,1:10,1.0,10.0,False,False,1,1,2.0,2.0,1.0,1.0,70.0,70.0,1510.0,57.09999847412109,57.09999847412109,1497.0999755859375,2,home,0022B4,99bfe5
223,401585808312,312,144,Driving Floating Jump Shot,Jamal Murray makes 11-foot driving floating jump shot,65,50,2,2nd Quarter,0:33.1,True,2,7.0,3936299.0,,,2024-04-13T01:05:00Z,True,26,12,401585808,2024,2,24,San Antonio,Spurs,SA,San Antonio,7,Denver,Nuggets,DEN,Denver,2.5,True,False,2.5,2,0:33.1,0.0,33.099998474121094,False,False,1,1,2.0,2.0,1.0,1.0,33.099998474121094,33.099998474121094,1473.0999755859375,7.0,7.0,1447.0,2,away,0022B4,99bfe5
224,401585808313,313,92,Jump Shot,Blake Wesley misses 12-foot jumper,65,50,2,2nd Quarter,0:7.0,False,0,24.0,4683935.0,,,2024-04-13T01:05:27Z,True,38,0,401585808,2024,2,24,San Antonio,Spurs,SA,San Antonio,7,Denver,Nuggets,DEN,Denver,2.5,True,False,2.5,2,0:7.0,0.0,7.0,False,False,1,1,2.0,2.0,1.0,1.0,7.0,7.0,1447.0,4.099999904632568,4.099999904632568,1444.0999755859375,2,home,0022B4,99bfe5
226,401585808315,315,144,Driving Floating Jump Shot,Michael Porter Jr. makes 8-foot driving floating jump shot (Aaron Gordon assists),67,50,2,2nd Quarter,0:2.1,True,2,7.0,4278104.0,3064290.0,,2024-04-13T01:05:34Z,True,17,0,401585808,2024,2,24,San Antonio,Spurs,SA,San Antonio,7,Denver,Nuggets,DEN,Denver,2.5,True,False,2.5,2,0:2.1,0.0,2.0999999046325684,False,False,1,1,2.0,2.0,1.0,1.0,2.0999999046325684,2.0999999046325684,1442.0999755859375,2.0999999046325684,2.0999999046325684,1442.0999755859375,2,away,0022B4,99bfe5
229,401585808320,320,130,Floating Jump Shot,Tre Jones misses 29-foot three point shot,68,50,2,2nd Quarter,0:0.1,False,0,24.0,4395626.0,,,2024-04-13T01:06:03Z,True,33,28,401585808,2024,2,24,San Antonio,Spurs,SA,San Antonio,7,Denver,Nuggets,DEN,Denver,2.5,True,False,2.5,2,0:0.1,0.0,0.1000000014901161,False,False,1,1,2.0,2.0,1.0,1.0,0.1000000014901161,0.1000000014901161,1440.0999755859375,0.0,0.0,1440.0,2,home,0022B4,99bfe5
233,401585808326,326,92,Jump Shot,Jamal Murray makes 25-foot three point jumper (Nikola Jokic assists),71,50,3,3rd Quarter,11:47,True,3,7.0,3936299.0,3112335.0,,2024-04-13T01:21:30Z,True,18,25,401585808,2024,2,24,San Antonio,Spurs,SA,San Antonio,7,Denver,Nuggets,DEN,Denver,2.5,True,False,2.5,3,11:47,11.0,47.0,False,False,2,2,3.0,3.0,2.0,2.0,707.0,1427.0,1427.0,679.0,1399.0,1399.0,3,away,0022B4,99bfe5
234,401585808328,328,132,Step Back Jump Shot,Sandro Mamukelashvili makes 22-foot step back jumpshot (Blake Wesley assists),71,53,3,3rd Quarter,11:19,True,3,24.0,4278580.0,4683935.0,,2024-04-13T01:21:57Z,True,3,5,401585808,2024,2,24,San Antonio,Spurs,SA,San Antonio,7,Denver,Nuggets,DEN,Denver,2.5,True,False,2.5,3,11:19,11.0,19.0,False,False,2,2,3.0,3.0,2.0,2.0,679.0,1399.0,1399.0,668.0,1388.0,1388.0,3,home,0022B4,99bfe5
235,401585808330,330,95,Layup Shot,Nikola Jokic makes layup (Aaron Gordon assists),73,53,3,3rd Quarter,11:08,True,2,7.0,3112335.0,3064290.0,,2024-04-13T01:22:09Z,True,25,1,401585808,2024,2,24,San Antonio,Spurs,SA,San Antonio,7,Denver,Nuggets,DEN,Denver,2.5,True,False,2.5,3,11:08,11.0,8.0,False,False,2,2,3.0,3.0,2.0,2.0,668.0,1388.0,1388.0,653.0,1373.0,1373.0,3,away,0022B4,99bfe5
236,401585808332,332,92,Jump Shot,Sandro Mamukelashvili misses 25-foot three point jumper,73,53,3,3rd Quarter,10:53,False,0,24.0,4278580.0,,,2024-04-13T01:22:23Z,True,45,16,401585808,2024,2,24,San Antonio,Spurs,SA,San Antonio,7,Denver,Nuggets,DEN,Denver,2.5,True,False,2.5,3,10:53,10.0,53.0,False,False,2,2,3.0,3.0,2.0,2.0,653.0,1373.0,1373.0,649.0,1369.0,1369.0,3,home,0022B4,99bfe5
238,401585808334,334,113,Running Jump Shot,Michael Porter Jr. makes 25-foot three point shot (Nikola Jokic assists),76,53,3,3rd Quarter,10:46,True,3,7.0,4278104.0,3112335.0,,2024-04-13T01:22:31Z,True,5,17,401585808,2024,2,24,San Antonio,Spurs,SA,San Antonio,7,Denver,Nuggets,DEN,Denver,2.5,True,False,2.5,3,10:46,10.0,46.0,False,False,2,2,3.0,3.0,2.0,2.0,646.0,1366.0,1366.0,645.0,1365.0,1365.0,3,away,0022B4,99bfe5
242,401585808341,341,145,Driving Floating Bank Jump Shot,Sidy Cissoko makes 9-foot two point shot (Tre Jones assists),76,55,3,3rd Quarter,10:19,True,2,24.0,5081727.0,4395626.0,,2024-04-13T01:25:51Z,True,32,6,401585808,2024,2,24,San Antonio,Spurs,SA,San Antonio,7,Denver,Nuggets,DEN,Denver,2.5,True,False,2.5,3,10:19,10.0,19.0,False,False,2,2,3.0,3.0,2.0,2.0,619.0,1339.0,1339.0,595.0,1315.0,1315.0,3,home,0022B4,99bfe5
243,401585808343,343,131,Pullup Jump Shot,Michael Porter Jr. makes 10-foot pullup jump shot (Aaron Gordon assists),78,55,3,3rd Quarter,9:55,True,2,7.0,4278104.0,3064290.0,,2024-04-13T01:26:15Z,True,15,2,401585808,2024,2,24,San Antonio,Spurs,SA,San Antonio,7,Denver,Nuggets,DEN,Denver,2.5,True,False,2.5,3,9:55,9.0,55.0,False,False,2,2,3.0,3.0,2.0,2.0,595.0,1315.0,1315.0,574.0,1294.0,1294.0,3,away,0022B4,99bfe5
244,401585808345,345,92,Jump Shot,Devonte' Graham makes 24-foot three point jumper (Tre Jones assists),78,58,3,3rd Quarter,9:34,True,3,24.0,3133601.0,4395626.0,,2024-04-13T01:26:36Z,True,49,5,401585808,2024,2,24,San Antonio,Spurs,SA,San Antonio,7,Denver,Nuggets,DEN,Denver,2.5,True,False,2.5,3,9:34,9.0,34.0,False,False,2,2,3.0,3.0,2.0,2.0,574.0,1294.0,1294.0,556.0,1276.0,1276.0,3,home,0022B4,99bfe5
245,401585808347,347,92,Jump Shot,Jamal Murray misses 25-foot three point jumper,78,58,3,3rd Quarter,9:16,False,0,7.0,3936299.0,,,2024-04-13T01:26:56Z,True,24,26,401585808,2024,2,24,San Antonio,Spurs,SA,San Antonio,7,Denver,Nuggets,DEN,Denver,2.5,True,False,2.5,3,9:16,9.0,16.0,False,False,2,2,3.0,3.0,2.0,2.0,556.0,1276.0,1276.0,553.0,1273.0,1273.0,3,away,0022B4,99bfe5
247,401585808349,349,116,Running Dunk Shot,Sidy Cissoko makes 1-foot dunk (Devonte' Graham assists),78,60,3,3rd Quarter,9:10,True,2,24.0,5081727.0,3133601.0,,2024-04-13T01:27:01Z,True,26,1,401585808,2024,2,24,San Antonio,Spurs,SA,San Antonio,7,Denver,Nuggets,DEN,Denver,2.5,True,False,2.5,3,9:10,9.0,10.0,False,False,2,2,3.0,3.0,2.0,2.0,550.0,1270.0,1270.0,521.0,1241.0,1241.0,3,home,0022B4,99bfe5
248,401585808351,351,92,Jump Shot,Jamal Murray misses 26-foot three point jumper,78,60,3,3rd Quarter,8:41,False,0,7.0,3936299.0,,,2024-04-13T01:27:30Z,True,8,20,401585808,2024,2,24,San Antonio,Spurs,SA,San Antonio,7,Denver,Nuggets,DEN,Denver,2.5,True,False,2.5,3,8:41,8.0,41.0,False,False,2,2,3.0,3.0,2.0,2.0,521.0,1241.0,1241.0,517.0,1237.0,1237.0,3,away,0022B4,99bfe5
250,401585808353,353,92,Jump Shot,Devonte' Graham misses 29-foot three point jumper,78,60,3,3rd Quarter,8:31,False,0,24.0,3133601.0,,,2024-04-13T01:27:39Z,True,40,25,401585808,2024,2,24,San Antonio,Spurs,SA,San Antonio,7,Denver,Nuggets,DEN,Denver,2.5,True,False,2.5,3,8:31,8.0,31.0,False,False,2,2,3.0,3.0,2.0,2.0,511.0,1231.0,1231.0,509.0,1229.0,1229.0,3,home,0022B4,99bfe5
252,401585808356,356,136,Turnaround Bank Jump Shot,Jamal Murray misses 9-foot two point shot,78,60,3,3rd Quarter,8:17,False,0,7.0,3936299.0,,,2024-04-13T01:28:00Z,True,18,6,401585808,2024,2,24,San Antonio,Spurs,SA,San Antonio,7,Denver,Nuggets,DEN,Denver,2.5,True,False,2.5,3,8:17,8.0,17.0,False,False,2,2,3.0,3.0,2.0,2.0,497.0,1217.0,1217.0,496.0,1216.0,1216.0,3,away,0022B4,99bfe5
254,401585808358,358,125,Layup Shot Putback,Nikola Jokic makes two point shot,80,60,3,3rd Quarter,8:16,True,2,7.0,3112335.0,,,2024-04-13T01:28:04Z,True,25,0,401585808,2024,2,24,San Antonio,Spurs,SA,San Antonio,7,Denver,Nuggets,DEN,Denver,2.5,True,False,2.5,3,8:16,8.0,16.0,False,False,2,2,3.0,3.0,2.0,2.0,496.0,1216.0,1216.0,496.0,1216.0,1216.0,3,away,0022B4,99bfe5
258,401585808364,364,131,Pullup Jump Shot,Victor Wembanyama makes 25-foot three pointer,81,63,3,3rd Quarter,8:05,True,3,24.0,5104157.0,,,2024-04-13T01:28:57Z,True,14,23,401585808,2024,2,24,San Antonio,Spurs,SA,San Antonio,7,Denver,Nuggets,DEN,Denver,2.5,True,False,2.5,3,8:05,8.0,5.0,False,False,2,2,3.0,3.0,2.0,2.0,485.0,1205.0,1205.0,468.0,1188.0,1188.0,3,home,0022B4,99bfe5
259,401585808365,365,92,Jump Shot,Michael Porter Jr. misses 25-foot three point jumper,81,63,3,3rd Quarter,7:48,False,0,7.0,4278104.0,,,2024-04-13T01:29:14Z,True,3,14,401585808,2024,2,24,San Antonio,Spurs,SA,San Antonio,7,Denver,Nuggets,DEN,Denver,2.5,True,False,2.5,3,7:48,7.0,48.0,False,False,2,2,3.0,3.0,2.0,2.0,468.0,1188.0,1188.0,468.0,1188.0,1188.0,3,away,0022B4,99bfe5
261,401585808367,367,94,Tip Shot,Aaron Gordon makes tip shot,83,63,3,3rd Quarter,7:43,True,2,7.0,3064290.0,,,2024-04-13T01:29:19Z,True,25,0,401585808,2024,2,24,San Antonio,Spurs,SA,San Antonio,7,Denver,Nuggets,DEN,Denver,2.5,True,False,2.5,3,7:43,7.0,43.0,False,False,2,2,3.0,3.0,2.0,2.0,463.0,1183.0,1183.0,448.0,1168.0,1168.0,3,away,0022B4,99bfe5
262,401585808368,368,111,Alley Oop Layup Shot,Victor Wembanyama makes alley oop layup (Tre Jones assists),83,65,3,3rd Quarter,7:28,True,2,24.0,5104157.0,4395626.0,,2024-04-13T01:29:34Z,True,26,1,401585808,2024,2,24,San Antonio,Spurs,SA,San Antonio,7,Denver,Nuggets,DEN,Denver,2.5,True,False,2.5,3,7:28,7.0,28.0,False,False,2,2,3.0,3.0,2.0,2.0,448.0,1168.0,1168.0,436.0,1156.0,1156.0,3,home,0022B4,99bfe5
263,401585808370,370,92,Jump Shot,Michael Porter Jr. misses 23-foot three point jumper,83,65,3,3rd Quarter,7:16,False,0,7.0,4278104.0,,,2024-04-13T01:29:46Z,True,48,1,401585808,2024,2,24,San Antonio,Spurs,SA,San Antonio,7,Denver,Nuggets,DEN,Denver,2.5,True,False,2.5,3,7:16,7.0,16.0,False,False,2,2,3.0,3.0,2.0,2.0,436.0,1156.0,1156.0,434.0,1154.0,1154.0,3,away,0022B4,99bfe5
266,401585808374,374,110,Driving Layup Shot,Victor Wembanyama makes driving layup,83,67,3,3rd Quarter,6:57,True,2,24.0,5104157.0,,,2024-04-13T01:30:25Z,True,25,2,401585808,2024,2,24,San Antonio,Spurs,SA,San Antonio,7,Denver,Nuggets,DEN,Denver,2.5,True,False,2.5,3,6:57,6.0,57.0,False,False,2,2,3.0,3.0,2.0,2.0,417.0,1137.0,1137.0,417.0,1137.0,1137.0,3,home,0022B4,99bfe5
269,401585808379,379,92,Jump Shot,Jamal Murray misses 26-foot three point jumper,83,68,3,3rd Quarter,6:41,False,0,7.0,3936299.0,,,2024-04-13T01:31:08Z,True,12,23,401585808,2024,2,24,San Antonio,Spurs,SA,San Antonio,7,Denver,Nuggets,DEN,Denver,2.5,True,False,2.5,3,6:41,6.0,41.0,False,False,2,2,3.0,3.0,2.0,2.0,401.0,1121.0,1121.0,399.0,1119.0,1119.0,3,away,0022B4,99bfe5
271,401585808381,381,92,Jump Shot,Victor Wembanyama makes 28-foot three point jumper (Devonte' Graham assists),83,71,3,3rd Quarter,6:33,True,3,24.0,5104157.0,3133601.0,,2024-04-13T01:31:16Z,True,38,26,401585808,2024,2,24,San Antonio,Spurs,SA,San Antonio,7,Denver,Nuggets,DEN,Denver,2.5,True,False,2.5,3,6:33,6.0,33.0,False,False,2,2,3.0,3.0,2.0,2.0,393.0,1113.0,1113.0,376.0,1096.0,1096.0,3,home,0022B4,99bfe5
272,401585808383,383,126,Layup Driving Reverse,Aaron Gordon makes two point shot,85,71,3,3rd Quarter,6:16,True,2,7.0,3064290.0,,,2024-04-13T01:31:34Z,True,25,1,401585808,2024,2,24,San Antonio,Spurs,SA,San Antonio,7,Denver,Nuggets,DEN,Denver,2.5,True,False,2.5,3,6:16,6.0,16.0,False,False,2,2,3.0,3.0,2.0,2.0,376.0,1096.0,1096.0,370.0,1090.0,1090.0,3,away,0022B4,99bfe5
273,401585808384,384,115,Driving Dunk Shot,Julian Champagnie makes driving dunk (Tre Jones assists),85,73,3,3rd Quarter,6:10,True,2,24.0,4592479.0,4395626.0,,2024-04-13T01:31:39Z,True,25,1,401585808,2024,2,24,San Antonio,Spurs,SA,San Antonio,7,Denver,Nuggets,DEN,Denver,2.5,True,False,2.5,3,6:10,6.0,10.0,False,False,2,2,3.0,3.0,2.0,2.0,370.0,1090.0,1090.0,349.0,1069.0,1069.0,3,home,0022B4,99bfe5
274,401585808386,386,95,Layup Shot,Jamal Murray makes layup (Nikola Jokic assists),87,73,3,3rd Quarter,5:49,True,2,7.0,3936299.0,3112335.0,,2024-04-13T01:32:01Z,True,19,2,401585808,2024,2,24,San Antonio,Spurs,SA,San Antonio,7,Denver,Nuggets,DEN,Denver,2.5,True,False,2.5,3,5:49,5.0,49.0,False,False,2,2,3.0,3.0,2.0,2.0,349.0,1069.0,1069.0,340.0,1060.0,1060.0,3,away,0022B4,99bfe5
275,401585808388,388,92,Jump Shot,Victor Wembanyama makes 25-foot three point jumper (Tre Jones assists),87,76,3,3rd Quarter,5:40,True,3,24.0,5104157.0,4395626.0,,2024-04-13T01:32:10Z,True,30,25,401585808,2024,2,24,San Antonio,Spurs,SA,San Antonio,7,Denver,Nuggets,DEN,Denver,2.5,True,False,2.5,3,5:40,5.0,40.0,False,False,2,2,3.0,3.0,2.0,2.0,340.0,1060.0,1060.0,327.0,1047.0,1047.0,3,home,0022B4,99bfe5
276,401585808390,390,92,Jump Shot,Kentavious Caldwell-Pope misses 23-foot three point jumper,87,76,3,3rd Quarter,5:27,False,0,7.0,2581018.0,,,2024-04-13T01:32:22Z,True,2,1,401585808,2024,2,24,San Antonio,Spurs,SA,San Antonio,7,Denver,Nuggets,DEN,Denver,2.5,True,False,2.5,3,5:27,5.0,27.0,False,False,2,2,3.0,3.0,2.0,2.0,327.0,1047.0,1047.0,324.0,1044.0,1044.0,3,away,0022B4,99bfe5
278,401585808392,392,146,Running Pullup Jump Shot,Victor Wembanyama makes 28-foot running pullup jump shot,87,79,3,3rd Quarter,5:22,True,3,24.0,5104157.0,,,2024-04-13T01:32:31Z,True,30,29,401585808,2024,2,24,San Antonio,Spurs,SA,San Antonio,7,Denver,Nuggets,DEN,Denver,2.5,True,False,2.5,3,5:22,5.0,22.0,False,False,2,2,3.0,3.0,2.0,2.0,322.0,1042.0,1042.0,320.0,1040.0,1040.0,3,home,0022B4,99bfe5
282,401585808397,397,112,Reverse Layup Shot,Tre Jones makes two point shot (Victor Wembanyama assists),87,81,3,3rd Quarter,4:51,True,2,24.0,4395626.0,5104157.0,,2024-04-13T01:36:16Z,True,25,1,401585808,2024,2,24,San Antonio,Spurs,SA,San Antonio,7,Denver,Nuggets,DEN,Denver,2.5,True,False,2.5,3,4:51,4.0,51.0,False,False,2,2,3.0,3.0,2.0,2.0,291.0,1011.0,1011.0,264.0,984.0,984.0,3,home,0022B4,99bfe5
283,401585808399,399,131,Pullup Jump Shot,Michael Porter Jr. misses 11-foot pullup jump shot,87,81,3,3rd Quarter,4:24,False,0,7.0,4278104.0,,,2024-04-13T01:36:43Z,True,37,1,401585808,2024,2,24,San Antonio,Spurs,SA,San Antonio,7,Denver,Nuggets,DEN,Denver,2.5,True,False,2.5,3,4:24,4.0,24.0,False,False,2,2,3.0,3.0,2.0,2.0,264.0,984.0,984.0,262.0,982.0,982.0,3,away,0022B4,99bfe5
287,401585808404,404,92,Jump Shot,Kentavious Caldwell-Pope misses 25-foot three point jumper,87,81,3,3rd Quarter,4:05,False,0,7.0,2581018.0,,,2024-04-13T01:37:18Z,True,38,22,401585808,2024,2,24,San Antonio,Spurs,SA,San Antonio,7,Denver,Nuggets,DEN,Denver,2.5,True,False,2.5,3,4:05,4.0,5.0,False,False,2,2,3.0,3.0,2.0,2.0,245.0,965.0,965.0,240.0,960.0,960.0,3,away,0022B4,99bfe5
290,401585808408,408,109,Running Layup Shot,Aaron Gordon makes two point shot (Nikola Jokic assists),89,81,3,3rd Quarter,3:44,True,2,7.0,3064290.0,3112335.0,,2024-04-13T01:37:38Z,True,24,2,401585808,2024,2,24,San Antonio,Spurs,SA,San Antonio,7,Denver,Nuggets,DEN,Denver,2.5,True,False,2.5,3,3:44,3.0,44.0,False,False,2,2,3.0,3.0,2.0,2.0,224.0,944.0,944.0,212.0,932.0,932.0,3,away,0022B4,99bfe5
291,401585808410,410,92,Jump Shot,Victor Wembanyama misses 25-foot three point jumper,89,81,3,3rd Quarter,3:32,False,0,24.0,5104157.0,,,2024-04-13T01:37:50Z,True,19,25,401585808,2024,2,24,San Antonio,Spurs,SA,San Antonio,7,Denver,Nuggets,DEN,Denver,2.5,True,False,2.5,3,3:32,3.0,32.0,False,False,2,2,3.0,3.0,2.0,2.0,212.0,932.0,932.0,212.0,932.0,932.0,3,home,0022B4,99bfe5
299,401585808423,423,92,Jump Shot,David Duke Jr. makes 22-foot jumper (Zach Collins assists),89,83,3,3rd Quarter,3:09,True,2,24.0,4397107.0,4066650.0,,2024-04-13T01:38:34Z,True,35,19,401585808,2024,2,24,San Antonio,Spurs,SA,San Antonio,7,Denver,Nuggets,DEN,Denver,2.5,True,False,2.5,3,3:09,3.0,9.0,False,False,2,2,3.0,3.0,2.0,2.0,189.0,909.0,909.0,165.0,885.0,885.0,3,home,0022B4,99bfe5
300,401585808425,425,144,Driving Floating Jump Shot,Christian Braun makes 6-foot driving floating jump shot (Nikola Jokic assists),91,83,3,3rd Quarter,2:45,True,2,7.0,4431767.0,3112335.0,,2024-04-13T01:38:58Z,True,25,7,401585808,2024,2,24,San Antonio,Spurs,SA,San Antonio,7,Denver,Nuggets,DEN,Denver,2.5,True,False,2.5,3,2:45,2.0,45.0,False,False,2,2,3.0,3.0,2.0,2.0,165.0,885.0,885.0,149.0,869.0,869.0,3,away,0022B4,99bfe5
301,401585808427,427,92,Jump Shot,Zach Collins misses 26-foot three point jumper,91,83,3,3rd Quarter,2:29,False,0,24.0,4066650.0,,,2024-04-13T01:39:14Z,True,24,27,401585808,2024,2,24,San Antonio,Spurs,SA,San Antonio,7,Denver,Nuggets,DEN,Denver,2.5,True,False,2.5,3,2:29,2.0,29.0,False,False,2,2,3.0,3.0,2.0,2.0,149.0,869.0,869.0,149.0,869.0,869.0,3,home,0022B4,99bfe5
303,401585808429,429,92,Jump Shot,Justin Holiday makes 25-foot three point jumper (Nikola Jokic assists),94,83,3,3rd Quarter,2:13,True,3,7.0,2284101.0,3112335.0,,2024-04-13T01:39:30Z,True,8,20,401585808,2024,2,24,San Antonio,Spurs,SA,San Antonio,7,Denver,Nuggets,DEN,Denver,2.5,True,False,2.5,3,2:13,2.0,13.0,False,False,2,2,3.0,3.0,2.0,2.0,133.0,853.0,853.0,121.0,841.0,841.0,3,away,0022B4,99bfe5
304,401585808431,431,128,Driving Finger Roll Layup,Sandro Mamukelashvili makes 1-foot two point shot,94,85,3,3rd Quarter,2:01,True,2,24.0,4278580.0,,,2024-04-13T01:39:42Z,True,24,1,401585808,2024,2,24,San Antonio,Spurs,SA,San Antonio,7,Denver,Nuggets,DEN,Denver,2.5,True,False,2.5,3,2:01,2.0,1.0,False,False,2,2,3.0,3.0,2.0,2.0,121.0,841.0,841.0,101.0,821.0,821.0,3,home,0022B4,99bfe5
305,401585808432,432,128,Driving Finger Roll Layup,Reggie Jackson misses two point shot,94,85,3,3rd Quarter,1:41,False,0,7.0,6443.0,,,2024-04-13T01:40:02Z,True,25,4,401585808,2024,2,24,San Antonio,Spurs,SA,San Antonio,7,Denver,Nuggets,DEN,Denver,2.5,True,False,2.5,3,1:41,1.0,41.0,False,False,2,2,3.0,3.0,2.0,2.0,101.0,821.0,821.0,99.0,819.0,819.0,3,away,0022B4,99bfe5
307,401585808434,434,116,Running Dunk Shot,Julian Champagnie makes 1-foot dunk (Sandro Mamukelashvili assists),94,87,3,3rd Quarter,1:34,True,2,24.0,4592479.0,4278580.0,,2024-04-13T01:40:09Z,True,26,1,401585808,2024,2,24,San Antonio,Spurs,SA,San Antonio,7,Denver,Nuggets,DEN,Denver,2.5,True,False,2.5,3,1:34,1.0,34.0,False,False,2,2,3.0,3.0,2.0,2.0,94.0,814.0,814.0,94.0,814.0,814.0,3,home,0022B4,99bfe5
313,401585808445,445,119,Driving Hook Shot,Peyton Watson misses 8-foot two point shot,94,87,3,3rd Quarter,1:11,False,0,7.0,4576087.0,,,2024-04-13T01:42:31Z,True,24,9,401585808,2024,2,24,San Antonio,Spurs,SA,San Antonio,7,Denver,Nuggets,DEN,Denver,2.5,True,False,2.5,3,1:11,1.0,11.0,False,False,2,2,3.0,3.0,2.0,2.0,71.0,791.0,791.0,70.0,790.0,790.0,3,away,0022B4,99bfe5
318,401585808451,451,126,Layup Driving Reverse,Justin Holiday makes two point shot (Nikola Jokic assists),97,87,3,3rd Quarter,0:39.0,True,2,7.0,2284101.0,3112335.0,,2024-04-13T01:43:46Z,True,25,1,401585808,2024,2,24,San Antonio,Spurs,SA,San Antonio,7,Denver,Nuggets,DEN,Denver,2.5,True,False,2.5,3,0:39.0,0.0,39.0,False,False,2,2,3.0,3.0,2.0,2.0,39.0,759.0,759.0,20.0,740.0,740.0,3,away,0022B4,99bfe5
319,401585808453,453,132,Step Back Jump Shot,Victor Wembanyama misses 25-foot step back jumpshot,97,87,3,3rd Quarter,0:20.0,False,0,24.0,5104157.0,,,2024-04-13T01:44:11Z,True,19,25,401585808,2024,2,24,San Antonio,Spurs,SA,San Antonio,7,Denver,Nuggets,DEN,Denver,2.5,True,False,2.5,3,0:20.0,0.0,20.0,False,False,2,2,3.0,3.0,2.0,2.0,20.0,740.0,740.0,17.100000381469727,737.0999755859375,737.0999755859375,3,home,0022B4,99bfe5
321,401585808455,455,92,Jump Shot,Christian Braun makes 22-foot three point jumper (Reggie Jackson assists),100,87,3,3rd Quarter,0:2.1,True,3,7.0,4431767.0,6443.0,,2024-04-13T01:44:28Z,True,47,2,401585808,2024,2,24,San Antonio,Spurs,SA,San Antonio,7,Denver,Nuggets,DEN,Denver,2.5,True,False,2.5,3,0:2.1,0.0,2.0999999046325684,False,False,2,2,3.0,3.0,2.0,2.0,2.0999999046325684,722.0999755859375,722.0999755859375,1.0,721.0,721.0,3,away,0022B4,99bfe5
322,401585808457,457,130,Floating Jump Shot,Sandro Mamukelashvili misses 63-foot three point shot,100,87,3,3rd Quarter,0:1.0,False,0,24.0,4278580.0,,,2024-04-13T01:44:37Z,True,37,62,401585808,2024,2,24,San Antonio,Spurs,SA,San Antonio,7,Denver,Nuggets,DEN,Denver,2.5,True,False,2.5,3,0:1.0,0.0,1.0,False,False,2,2,3.0,3.0,2.0,2.0,1.0,721.0,721.0,1.0,721.0,721.0,3,home,0022B4,99bfe5
329,401585808469,469,120,Turnaround Hook Shot,Victor Wembanyama misses 8-foot two point shot,100,87,4,4th Quarter,11:41,False,0,24.0,5104157.0,,,2024-04-13T01:47:40Z,True,25,8,401585808,2024,2,24,San Antonio,Spurs,SA,San Antonio,7,Denver,Nuggets,DEN,Denver,2.5,True,False,2.5,4,11:41,11.0,41.0,False,False,2,2,4.0,4.0,2.0,2.0,701.0,701.0,701.0,700.0,700.0,700.0,4,home,0022B4,99bfe5
331,401585808471,471,92,Jump Shot,Tre Jones makes 23-foot three point jumper (Devonte' Graham assists),100,90,4,4th Quarter,11:37,True,3,24.0,4395626.0,3133601.0,,2024-04-13T01:47:46Z,True,48,-2,401585808,2024,2,24,San Antonio,Spurs,SA,San Antonio,7,Denver,Nuggets,DEN,Denver,2.5,True,False,2.5,4,11:37,11.0,37.0,False,False,2,2,4.0,4.0,2.0,2.0,697.0,697.0,697.0,679.0,679.0,679.0,4,home,0022B4,99bfe5
332,401585808473,473,131,Pullup Jump Shot,Reggie Jackson makes 17-foot pullup jump shot (Zeke Nnaji assists),102,90,4,4th Quarter,11:19,True,2,7.0,6443.0,4431690.0,,2024-04-13T01:48:03Z,True,24,18,401585808,2024,2,24,San Antonio,Spurs,SA,San Antonio,7,Denver,Nuggets,DEN,Denver,2.5,True,False,2.5,4,11:19,11.0,19.0,False,False,2,2,4.0,4.0,2.0,2.0,679.0,679.0,679.0,666.0,666.0,666.0,4,away,0022B4,99bfe5
336,401585808481,481,131,Pullup Jump Shot,Reggie Jackson misses 16-foot pullup jump shot,102,90,4,4th Quarter,10:54,False,0,7.0,6443.0,,,2024-04-13T01:48:53Z,True,25,17,401585808,2024,2,24,San Antonio,Spurs,SA,San Antonio,7,Denver,Nuggets,DEN,Denver,2.5,True,False,2.5,4,10:54,10.0,54.0,False,False,2,2,4.0,4.0,2.0,2.0,654.0,654.0,654.0,650.0,650.0,650.0,4,away,0022B4,99bfe5
339,401585808485,485,153,Running Reverse Dunk Shot,Peyton Watson makes 1-foot dunk,104,90,4,4th Quarter,10:42,True,2,7.0,4576087.0,,,2024-04-13T01:49:05Z,True,25,1,401585808,2024,2,24,San Antonio,Spurs,SA,San Antonio,7,Denver,Nuggets,DEN,Denver,2.5,True,False,2.5,4,10:42,10.0,42.0,False,False,2,2,4.0,4.0,2.0,2.0,642.0,642.0,642.0,626.0,626.0,626.0,4,away,0022B4,99bfe5
341,401585808488,488,130,Floating Jump Shot,Victor Wembanyama misses 1-foot two point shot,104,90,4,4th Quarter,10:10,False,0,24.0,5104157.0,,,2024-04-13T01:49:56Z,True,25,1,401585808,2024,2,24,San Antonio,Spurs,SA,San Antonio,7,Denver,Nuggets,DEN,Denver,2.5,True,False,2.5,4,10:10,10.0,10.0,False,False,2,2,4.0,4.0,2.0,2.0,610.0,610.0,610.0,609.0,609.0,609.0,4,home,0022B4,99bfe5
343,401585808490,490,92,Jump Shot,Christian Braun makes 23-foot three point jumper (Justin Holiday assists),107,90,4,4th Quarter,10:03,True,3,7.0,4431767.0,2284101.0,,2024-04-13T01:50:03Z,True,2,2,401585808,2024,2,24,San Antonio,Spurs,SA,San Antonio,7,Denver,Nuggets,DEN,Denver,2.5,True,False,2.5,4,10:03,10.0,3.0,False,False,2,2,4.0,4.0,2.0,2.0,603.0,603.0,603.0,590.0,590.0,590.0,4,away,0022B4,99bfe5
346,401585808496,496,128,Driving Finger Roll Layup,Tre Jones misses two point shot,107,90,4,4th Quarter,9:42,False,0,24.0,4395626.0,,,2024-04-13T01:50:53Z,True,26,0,401585808,2024,2,24,San Antonio,Spurs,SA,San Antonio,7,Denver,Nuggets,DEN,Denver,2.5,True,False,2.5,4,9:42,9.0,42.0,False,False,2,2,4.0,4.0,2.0,2.0,582.0,582.0,582.0,579.0,579.0,579.0,4,home,0022B4,99bfe5
348,401585808498,498,110,Driving Layup Shot,Sandro Mamukelashvili misses driving layup,107,90,4,4th Quarter,9:35,False,0,24.0,4278580.0,,,2024-04-13T01:50:59Z,True,25,2,401585808,2024,2,24,San Antonio,Spurs,SA,San Antonio,7,Denver,Nuggets,DEN,Denver,2.5,True,False,2.5,4,9:35,9.0,35.0,False,False,2,2,4.0,4.0,2.0,2.0,575.0,575.0,575.0,575.0,575.0,575.0,4,home,0022B4,99bfe5
350,401585808500,500,138,Putback Dunk Shot,Zach Collins makes dunk,107,92,4,4th Quarter,9:35,True,2,24.0,4066650.0,,,2024-04-13T01:51:05Z,True,25,0,401585808,2024,2,24,San Antonio,Spurs,SA,San Antonio,7,Denver,Nuggets,DEN,Denver,2.5,True,False,2.5,4,9:35,9.0,35.0,False,False,2,2,4.0,4.0,2.0,2.0,575.0,575.0,575.0,575.0,575.0,575.0,4,home,0022B4,99bfe5
353,401585808504,504,128,Driving Finger Roll Layup,Zach Collins blocks Zeke Nnaji 's 1-foot two point shot,107,93,4,4th Quarter,9:13,False,0,7.0,4431690.0,4066650.0,,2024-04-13T01:51:56Z,True,25,2,401585808,2024,2,24,San Antonio,Spurs,SA,San Antonio,7,Denver,Nuggets,DEN,Denver,2.5,True,False,2.5,4,9:13,9.0,13.0,False,False,2,2,4.0,4.0,2.0,2.0,553.0,553.0,553.0,549.0,549.0,549.0,4,away,0022B4,99bfe5
355,401585808507,507,109,Running Layup Shot,Devonte' Graham misses two point shot,107,93,4,4th Quarter,9:07,False,0,24.0,3133601.0,,,2024-04-13T01:52:01Z,True,25,3,401585808,2024,2,24,San Antonio,Spurs,SA,San Antonio,7,Denver,Nuggets,DEN,Denver,2.5,True,False,2.5,4,9:07,9.0,7.0,False,False,2,2,4.0,4.0,2.0,2.0,547.0,547.0,547.0,545.0,545.0,545.0,4,home,0022B4,99bfe5
357,401585808509,509,95,Layup Shot,Peyton Watson blocks Zach Collins's layup,107,93,4,4th Quarter,8:54,False,0,24.0,4066650.0,4576087.0,,2024-04-13T01:52:15Z,True,26,0,401585808,2024,2,24,San Antonio,Spurs,SA,San Antonio,7,Denver,Nuggets,DEN,Denver,2.5,True,False,2.5,4,8:54,8.0,54.0,False,False,2,2,4.0,4.0,2.0,2.0,534.0,534.0,534.0,530.0,530.0,530.0,4,home,0022B4,99bfe5
365,401585808520,520,131,Pullup Jump Shot,Reggie Jackson misses 26-foot three point pullup jump shot,107,95,4,4th Quarter,8:34,False,0,7.0,6443.0,,,2024-04-13T01:53:56Z,True,15,25,401585808,2024,2,24,San Antonio,Spurs,SA,San Antonio,7,Denver,Nuggets,DEN,Denver,2.5,True,False,2.5,4,8:34,8.0,34.0,False,False,2,2,4.0,4.0,2.0,2.0,514.0,514.0,514.0,510.0,510.0,510.0,4,away,0022B4,99bfe5
367,401585808522,522,128,Driving Finger Roll Layup,Tre Jones misses two point shot,107,95,4,4th Quarter,8:14,False,0,24.0,4395626.0,,,2024-04-13T01:54:16Z,True,26,0,401585808,2024,2,24,San Antonio,Spurs,SA,San Antonio,7,Denver,Nuggets,DEN,Denver,2.5,True,False,2.5,4,8:14,8.0,14.0,False,False,2,2,4.0,4.0,2.0,2.0,494.0,494.0,494.0,490.0,490.0,490.0,4,home,0022B4,99bfe5
369,401585808524,524,109,Running Layup Shot,Peyton Watson misses two point shot,107,95,4,4th Quarter,8:06,False,0,7.0,4576087.0,,,2024-04-13T01:54:23Z,True,25,1,401585808,2024,2,24,San Antonio,Spurs,SA,San Antonio,7,Denver,Nuggets,DEN,Denver,2.5,True,False,2.5,4,8:06,8.0,6.0,False,False,2,2,4.0,4.0,2.0,2.0,486.0,486.0,486.0,483.0,483.0,483.0,4,away,0022B4,99bfe5
380,401585808541,541,115,Driving Dunk Shot,Sandro Mamukelashvili makes 1-foot driving dunk (Julian Champagnie assists),107,99,4,4th Quarter,7:40,True,2,24.0,4278580.0,4592479.0,,2024-04-13T01:56:14Z,True,26,1,401585808,2024,2,24,San Antonio,Spurs,SA,San Antonio,7,Denver,Nuggets,DEN,Denver,2.5,True,False,2.5,4,7:40,7.0,40.0,False,False,2,2,4.0,4.0,2.0,2.0,460.0,460.0,460.0,431.0,431.0,431.0,4,home,0022B4,99bfe5
381,401585808542,542,132,Step Back Jump Shot,Jamal Murray makes 19-foot step back jumpshot,109,99,4,4th Quarter,7:11,True,2,7.0,3936299.0,,,2024-04-13T01:56:42Z,True,27,20,401585808,2024,2,24,San Antonio,Spurs,SA,San Antonio,7,Denver,Nuggets,DEN,Denver,2.5,True,False,2.5,4,7:11,7.0,11.0,False,False,2,2,4.0,4.0,2.0,2.0,431.0,431.0,431.0,415.0,415.0,415.0,4,away,0022B4,99bfe5
382,401585808543,543,144,Driving Floating Jump Shot,Christian Braun blocks Tre Jones 's 12-foot driving floating jump shot,109,99,4,4th Quarter,6:55,False,0,24.0,4395626.0,4431767.0,,2024-04-13T01:56:58Z,True,31,11,401585808,2024,2,24,San Antonio,Spurs,SA,San Antonio,7,Denver,Nuggets,DEN,Denver,2.5,True,False,2.5,4,6:55,6.0,55.0,False,False,2,2,4.0,4.0,2.0,2.0,415.0,415.0,415.0,412.0,412.0,412.0,4,home,0022B4,99bfe5
384,401585808546,546,92,Jump Shot,Peyton Watson misses 23-foot three point jumper,109,99,4,4th Quarter,6:47,False,0,7.0,4576087.0,,,2024-04-13T01:57:06Z,True,48,4,401585808,2024,2,24,San Antonio,Spurs,SA,San Antonio,7,Denver,Nuggets,DEN,Denver,2.5,True,False,2.5,4,6:47,6.0,47.0,False,False,2,2,4.0,4.0,2.0,2.0,407.0,407.0,407.0,403.0,403.0,403.0,4,away,0022B4,99bfe5
386,401585808548,548,113,Running Jump Shot,Julian Champagnie makes 24-foot three point shot (Tre Jones assists),109,102,4,4th Quarter,6:39,True,3,24.0,4592479.0,4395626.0,,2024-04-13T01:57:14Z,True,13,21,401585808,2024,2,24,San Antonio,Spurs,SA,San Antonio,7,Denver,Nuggets,DEN,Denver,2.5,True,False,2.5,4,6:39,6.0,39.0,False,False,2,2,4.0,4.0,2.0,2.0,399.0,399.0,399.0,376.0,376.0,376.0,4,home,0022B4,99bfe5
387,401585808550,550,119,Driving Hook Shot,Michael Porter Jr. misses 9-foot two point shot,109,102,4,4th Quarter,6:16,False,0,7.0,4278104.0,,,2024-04-13T01:57:37Z,True,28,9,401585808,2024,2,24,San Antonio,Spurs,SA,San Antonio,7,Denver,Nuggets,DEN,Denver,2.5,True,False,2.5,4,6:16,6.0,16.0,False,False,2,2,4.0,4.0,2.0,2.0,376.0,376.0,376.0,373.0,373.0,373.0,4,away,0022B4,99bfe5
389,401585808552,552,110,Driving Layup Shot,Sandro Mamukelashvili makes driving layup (Zach Collins assists),109,104,4,4th Quarter,5:59,True,2,24.0,4278580.0,4066650.0,,2024-04-13T01:57:56Z,True,25,1,401585808,2024,2,24,San Antonio,Spurs,SA,San Antonio,7,Denver,Nuggets,DEN,Denver,2.5,True,False,2.5,4,5:59,5.0,59.0,False,False,2,2,4.0,4.0,2.0,2.0,359.0,359.0,359.0,359.0,359.0,359.0,4,home,0022B4,99bfe5
395,401585808563,563,131,Pullup Jump Shot,Jamal Murray makes 15-foot pullup jump shot,111,104,4,4th Quarter,5:40,True,2,7.0,3936299.0,,,2024-04-13T02:01:10Z,True,24,16,401585808,2024,2,24,San Antonio,Spurs,SA,San Antonio,7,Denver,Nuggets,DEN,Denver,2.5,True,False,2.5,4,5:40,5.0,40.0,False,False,2,2,4.0,4.0,2.0,2.0,340.0,340.0,340.0,327.0,327.0,327.0,4,away,0022B4,99bfe5
396,401585808564,564,110,Driving Layup Shot,Sandro Mamukelashvili misses driving layup,111,104,4,4th Quarter,5:27,False,0,24.0,4278580.0,,,2024-04-13T02:01:26Z,True,27,3,401585808,2024,2,24,San Antonio,Spurs,SA,San Antonio,7,Denver,Nuggets,DEN,Denver,2.5,True,False,2.5,4,5:27,5.0,27.0,False,False,2,2,4.0,4.0,2.0,2.0,327.0,327.0,327.0,326.0,326.0,326.0,4,home,0022B4,99bfe5
398,401585808600,600,94,Tip Shot,Victor Wembanyama misses tip shot,111,104,4,4th Quarter,5:26,False,0,24.0,5104157.0,,,2024-04-13T02:01:29Z,True,25,1,401585808,2024,2,24,San Antonio,Spurs,SA,San Antonio,7,Denver,Nuggets,DEN,Denver,2.5,True,False,2.5,4,5:26,5.0,26.0,False,False,2,2,4.0,4.0,2.0,2.0,326.0,326.0,326.0,325.0,325.0,325.0,4,home,0022B4,99bfe5
400,401585808566,566,96,Dunk Shot,Victor Wembanyama makes dunk (Sandro Mamukelashvili assists),111,106,4,4th Quarter,5:24,True,2,24.0,5104157.0,4278580.0,,2024-04-13T02:01:33Z,True,25,0,401585808,2024,2,24,San Antonio,Spurs,SA,San Antonio,7,Denver,Nuggets,DEN,Denver,2.5,True,False,2.5,4,5:24,5.0,24.0,False,False,2,2,4.0,4.0,2.0,2.0,324.0,324.0,324.0,324.0,324.0,324.0,4,home,0022B4,99bfe5
404,401585808572,572,92,Jump Shot,Jamal Murray misses 25-foot three point jumper,111,106,4,4th Quarter,5:10,False,0,7.0,3936299.0,,,2024-04-13T02:02:15Z,True,9,20,401585808,2024,2,24,San Antonio,Spurs,SA,San Antonio,7,Denver,Nuggets,DEN,Denver,2.5,True,False,2.5,4,5:10,5.0,10.0,False,False,2,2,4.0,4.0,2.0,2.0,310.0,310.0,310.0,310.0,310.0,310.0,4,away,0022B4,99bfe5
408,401585808577,577,141,Cutting Layup Shot,Jamal Murray makes 1-foot layup (Nikola Jokic assists),113,106,4,4th Quarter,4:44,True,2,7.0,3936299.0,3112335.0,,2024-04-13T02:02:57Z,True,25,2,401585808,2024,2,24,San Antonio,Spurs,SA,San Antonio,7,Denver,Nuggets,DEN,Denver,2.5,True,False,2.5,4,4:44,4.0,44.0,False,False,2,2,4.0,4.0,2.0,2.0,284.0,284.0,284.0,284.0,284.0,284.0,4,away,0022B4,99bfe5
411,401585808582,582,92,Jump Shot,Sandro Mamukelashvili makes 24-foot three point jumper (Devonte' Graham assists),114,109,4,4th Quarter,4:26,True,3,24.0,4278580.0,3133601.0,,2024-04-13T02:03:43Z,True,25,25,401585808,2024,2,24,San Antonio,Spurs,SA,San Antonio,7,Denver,Nuggets,DEN,Denver,2.5,True,False,2.5,4,4:26,4.0,26.0,False,False,2,2,4.0,4.0,2.0,2.0,266.0,266.0,266.0,237.0,237.0,237.0,4,home,0022B4,99bfe5
412,401585808585,585,128,Driving Finger Roll Layup,Jamal Murray makes 2-foot two point shot (Nikola Jokic assists),116,109,4,4th Quarter,3:57,True,2,7.0,3936299.0,3112335.0,,2024-04-13T02:04:26Z,True,24,2,401585808,2024,2,24,San Antonio,Spurs,SA,San Antonio,7,Denver,Nuggets,DEN,Denver,2.5,True,False,2.5,4,3:57,3.0,57.0,False,False,2,2,4.0,4.0,2.0,2.0,237.0,237.0,237.0,226.0,226.0,226.0,4,away,0022B4,99bfe5
417,401585808592,592,130,Floating Jump Shot,Nikola Jokic makes 9-foot two point shot (Jamal Murray assists),118,110,4,4th Quarter,3:31,True,2,7.0,3112335.0,3936299.0,,2024-04-13T02:05:44Z,True,25,10,401585808,2024,2,24,San Antonio,Spurs,SA,San Antonio,7,Denver,Nuggets,DEN,Denver,2.5,True,False,2.5,4,3:31,3.0,31.0,False,False,2,2,4.0,4.0,2.0,2.0,211.0,211.0,211.0,197.0,197.0,197.0,4,away,0022B4,99bfe5
418,401585808594,594,126,Layup Driving Reverse,Tre Jones makes two point shot (Victor Wembanyama assists),118,112,4,4th Quarter,3:17,True,2,24.0,4395626.0,5104157.0,,2024-04-13T02:05:58Z,True,24,0,401585808,2024,2,24,San Antonio,Spurs,SA,San Antonio,7,Denver,Nuggets,DEN,Denver,2.5,True,False,2.5,4,3:17,3.0,17.0,False,False,2,2,4.0,4.0,2.0,2.0,197.0,197.0,197.0,181.0,181.0,181.0,4,home,0022B4,99bfe5
422,401585808602,602,144,Driving Floating Jump Shot,Victor Wembanyama misses driving floating jump shot,118,112,4,4th Quarter,2:45,False,0,24.0,5104157.0,,,2024-04-13T02:09:45Z,True,23,5,401585808,2024,2,24,San Antonio,Spurs,SA,San Antonio,7,Denver,Nuggets,DEN,Denver,2.5,True,False,2.5,4,2:45,2.0,45.0,False,False,2,2,4.0,4.0,2.0,2.0,165.0,165.0,165.0,163.0,163.0,163.0,4,home,0022B4,99bfe5
424,401585808604,604,92,Jump Shot,Devonte' Graham makes 27-foot three point jumper (Julian Champagnie assists),118,115,4,4th Quarter,2:42,True,3,24.0,3133601.0,4592479.0,,2024-04-13T02:09:48Z,True,40,23,401585808,2024,2,24,San Antonio,Spurs,SA,San Antonio,7,Denver,Nuggets,DEN,Denver,2.5,True,False,2.5,4,2:42,2.0,42.0,False,False,2,2,4.0,4.0,2.0,2.0,162.0,162.0,162.0,139.0,139.0,139.0,4,home,0022B4,99bfe5
425,401585808606,606,131,Pullup Jump Shot,Jamal Murray misses 18-foot pullup jump shot,118,115,4,4th Quarter,2:19,False,0,7.0,3936299.0,,,2024-04-13T02:10:10Z,True,31,17,401585808,2024,2,24,San Antonio,Spurs,SA,San Antonio,7,Denver,Nuggets,DEN,Denver,2.5,True,False,2.5,4,2:19,2.0,19.0,False,False,2,2,4.0,4.0,2.0,2.0,139.0,139.0,139.0,135.0,135.0,135.0,4,away,0022B4,99bfe5
427,401585808608,608,113,Running Jump Shot,Devonte' Graham misses 24-foot three point shot,118,115,4,4th Quarter,2:12,False,0,24.0,3133601.0,,,2024-04-13T02:10:18Z,True,11,19,401585808,2024,2,24,San Antonio,Spurs,SA,San Antonio,7,Denver,Nuggets,DEN,Denver,2.5,True,False,2.5,4,2:12,2.0,12.0,False,False,2,2,4.0,4.0,2.0,2.0,132.0,132.0,132.0,132.0,132.0,132.0,4,home,0022B4,99bfe5
429,401585808610,610,110,Driving Layup Shot,Victor Wembanyama blocks Nikola Jokic's driving layup,118,115,4,4th Quarter,1:58,False,0,7.0,3112335.0,5104157.0,,2024-04-13T02:10:31Z,True,25,1,401585808,2024,2,24,San Antonio,Spurs,SA,San Antonio,7,Denver,Nuggets,DEN,Denver,2.5,True,False,2.5,4,1:58,1.0,58.0,False,False,2,2,4.0,4.0,2.0,2.0,118.0,118.0,118.0,112.0,112.0,112.0,4,away,0022B4,99bfe5
431,401585808612,612,109,Running Layup Shot,Tre Jones makes two point shot,118,117,4,4th Quarter,1:48,True,2,24.0,4395626.0,,,2024-04-13T02:10:45Z,True,25,0,401585808,2024,2,24,San Antonio,Spurs,SA,San Antonio,7,Denver,Nuggets,DEN,Denver,2.5,True,False,2.5,4,1:48,1.0,48.0,False,False,2,2,4.0,4.0,2.0,2.0,108.0,108.0,108.0,91.0,91.0,91.0,4,home,0022B4,99bfe5
432,401585808614,614,95,Layup Shot,Nikola Jokic misses layup,118,117,4,4th Quarter,1:31,False,0,7.0,3112335.0,,,2024-04-13T02:11:01Z,True,25,5,401585808,2024,2,24,San Antonio,Spurs,SA,San Antonio,7,Denver,Nuggets,DEN,Denver,2.5,True,False,2.5,4,1:31,1.0,31.0,False,False,2,2,4.0,4.0,2.0,2.0,91.0,91.0,91.0,91.0,91.0,91.0,4,away,0022B4,99bfe5
434,401585808616,616,94,Tip Shot,Aaron Gordon makes tip shot,120,117,4,4th Quarter,1:19,True,2,7.0,3064290.0,,,2024-04-13T02:11:15Z,True,25,0,401585808,2024,2,24,San Antonio,Spurs,SA,San Antonio,7,Denver,Nuggets,DEN,Denver,2.5,True,False,2.5,4,1:19,1.0,19.0,False,False,2,2,4.0,4.0,2.0,2.0,79.0,79.0,79.0,77.0,77.0,77.0,4,away,0022B4,99bfe5
436,401585808619,619,141,Cutting Layup Shot,Sandro Mamukelashvili blocks Michael Porter Jr. 's 1-foot layup,120,117,4,4th Quarter,1:00,False,0,7.0,4278104.0,4278580.0,,2024-04-13T02:11:34Z,True,25,2,401585808,2024,2,24,San Antonio,Spurs,SA,San Antonio,7,Denver,Nuggets,DEN,Denver,2.5,True,False,2.5,4,1:00,1.0,0.0,False,False,2,2,4.0,4.0,2.0,2.0,60.0,60.0,60.0,59.09999847412109,59.09999847412109,59.09999847412109,4,away,0022B4,99bfe5
438,401585808622,622,92,Jump Shot,Michael Porter Jr. misses 23-foot three point jumper,120,117,4,4th Quarter,0:48.1,False,0,7.0,4278104.0,,,2024-04-13T02:12:03Z,True,2,0,401585808,2024,2,24,San Antonio,Spurs,SA,San Antonio,7,Denver,Nuggets,DEN,Denver,2.5,True,False,2.5,4,0:48.1,0.0,48.09999847412109,False,False,2,2,4.0,4.0,2.0,2.0,48.09999847412109,48.09999847412109,48.09999847412109,44.09999847412109,44.09999847412109,44.09999847412109,4,away,0022B4,99bfe5
440,401585808624,624,110,Driving Layup Shot,Devonte' Graham makes driving layup,120,119,4,4th Quarter,0:30.1,True,2,24.0,3133601.0,,,2024-04-13T02:12:22Z,True,26,1,401585808,2024,2,24,San Antonio,Spurs,SA,San Antonio,7,Denver,Nuggets,DEN,Denver,2.5,True,False,2.5,4,0:30.1,0.0,30.100000381469727,False,False,2,2,4.0,4.0,2.0,2.0,30.100000381469727,30.100000381469727,30.100000381469727,9.0,9.0,9.0,4,home,0022B4,99bfe5
441,401585808625,625,92,Jump Shot,Nikola Jokic misses 16-foot jumper,120,119,4,4th Quarter,0:9.0,False,0,7.0,3112335.0,,,2024-04-13T02:12:47Z,True,26,17,401585808,2024,2,24,San Antonio,Spurs,SA,San Antonio,7,Denver,Nuggets,DEN,Denver,2.5,True,False,2.5,4,0:9.0,0.0,9.0,False,False,2,2,4.0,4.0,2.0,2.0,9.0,9.0,9.0,9.0,9.0,9.0,4,away,0022B4,99bfe5
443,401585808627,627,144,Driving Floating Jump Shot,Devonte' Graham makes 5-foot driving floating jump shot (Tre Jones assists),120,121,4,4th Quarter,0:0.2,True,2,24.0,3133601.0,4395626.0,,2024-04-13T02:12:59Z,True,23,5,401585808,2024,2,24,San Antonio,Spurs,SA,San Antonio,7,Denver,Nuggets,DEN,Denver,2.5,True,False,2.5,4,0:0.2,0.0,0.2000000029802322,False,False,2,2,4.0,4.0,2.0,2.0,0.2000000029802322,0.2000000029802322,0.2000000029802322,0.2000000029802322,0.2000000029802322,0.2000000029802322,4,home,0022B4,99bfe5
